Address,Area,Frontage,Access Road,House direction,Balcony direction,Floors,Bedrooms,Bathrooms,Legal status,Furniture state,Price
"Phố số 1, Phường Thảo Điền, Thủ Đức, Hồ Chí Minh",47.1,4.6,5.5,Đông,Tây,3,3,2,Have certificate,None,10.28
"Phố số 2, Phường Đông Hòa, Dĩ An, Bình Dương",48.5,4.4,6.9,Tây - Nam,Đông,5,5,5,In waiting,Full,4.21
"Phố số 3, Phường Bồ Đề, Long Biên, Hà Nội",113.8,6.1,,Bắc,Đông - Nam,6,7,7,Have certificate,Basic,16.77
"Phố số 4, Phường Dịch Vọng, Cầu Giấy, Hà Nội",49.2,5.4,1.5,Đông - Nam,Tây - Nam,4,3,3,Have certificate,Basic,9.41
"Phố số 5, Phường Võ Thị Sáu, Quận 3, Hồ Chí Minh",74.2,8.9,1.5,Đông - Nam,Tây - Bắc,7,5,5,Have certificate,Basic,24.87
"Phố số 6, Phường Võ Thị Sáu, Quận 3, Hồ Chí Minh",50.8,3.3,4.6,Tây - Nam,Đông - Nam,4,4,4,Have certificate,Basic,14.85
"Phố số 7, Phường Bến Nghé, Quận 1, Hồ Chí Minh",35.0,5.7,8.4,Nam,Đông - Nam,4,2,3,Other,Full,9.31
"Phố số 8, Phường Mộ Lao, Hà Đông, Hà Nội",112.4,3.8,6.4,Đông - Nam,Tây,3,6,6,Have certificate,None,11.83
"Phố số 9, Phường Dịch Vọng, Cầu Giấy, Hà Nội",77.5,3.2,,Đông - Nam,Đông - Nam,4,5,4,Have certificate,Basic,15.5
"Phố số 10, Phường Khương Mai, Thanh Xuân, Hà Nội",95.6,4.8,1.5,Tây - Nam,Đông - Nam,4,5,5,Have certificate,Basic,16.46
"Phố số 11, Phường Bến Nghé, Quận 1, Hồ Chí Minh",35.0,5.0,4.1,Nam,Nam,1,2,2,Have certificate,Basic,7.82
"Phố số 12, Phường Đông Hòa, Dĩ An, Bình Dương",57.2,10.1,14.3,Unknown,Đông,3,4,4,In waiting,Full,4.81
"Phố số 13, Phường Mộ Lao, Hà Đông, Hà Nội",108.1,4.5,8.1,Đông,Đông,3,5,5,Have certificate,Basic,12.48
"Phố số 14, Phường Tân Phong, Quận 7, Hồ Chí Minh",37.7,,11.5,Đông - Nam,Đông,2,4,4,In waiting,Basic,5.28
"Phố số 15, Phường Tân Phong, Quận 7, Hồ Chí Minh",93.5,5.3,16.7,Tây - Nam,Bắc,5,4,4,Have certificate,Basic,19.64
"Phố số 16, Phường Tân Phong, Quận 7, Hồ Chí Minh",73.7,2.5,4.4,Nam,Đông - Bắc,1,3,3,Other,Basic,6.86
"Phố số 17, Phường 11, Gò Vấp, Hồ Chí Minh",51.1,4.6,7.1,Đông,Unknown,6,4,4,Have certificate,None,7.74
"Phố số 18, Phường Hàng Bạc, Hoàn Kiếm, Hà Nội",49.0,4.8,6.3,Đông,Đông,4,3,3,In waiting,Full,16.89
"Phố số 19, Phường 25, Bình Thạnh, Hồ Chí Minh",43.5,6.2,1.5,Đông,Đông - Nam,1,4,4,Have certificate,None,5.18
"Phố số 20, Phường 11, Gò Vấp, Hồ Chí Minh",77.3,,6.1,Tây,Tây - Bắc,5,7,7,Have certificate,Full,13.77
"Phố số 21, Phường Dịch Vọng, Cầu Giấy, Hà Nội",81.7,3.9,,Đông - Nam,Đông - Nam,4,5,5,Have certificate,Basic,18.17
"Phố số 22, Phường Võ Thị Sáu, Quận 3, Hồ Chí Minh",62.3,4.5,9.9,Bắc,Đông - Bắc,5,5,6,Have certificate,Full,18.8
"Phố số 23, Phường 11, Gò Vấp, Hồ Chí Minh",42.1,3.4,,Tây,Đông - Nam,1,3,4,Have certificate,Full,4.89
"Phố số 24, Phường Thảo Điền, Thủ Đức, Hồ Chí Minh",92.2,2.8,,Nam,Đông - Bắc,1,5,5,Have certificate,Full,16.58
"Phố số 25, Phường 25, Bình Thạnh, Hồ Chí Minh",113.4,5.4,4.5,Đông - Nam,Tây - Bắc,2,5,4,Have certificate,Full,16.92
"Phố số 26, Phường Mỹ Đình 1, Nam Từ Liêm, Hà Nội",100.1,,13.2,Nam,Nam,1,5,4,Unknown,Full,11.88
"Phố số 27, Phường Tân Phong, Quận 7, Hồ Chí Minh",178.8,4.1,5.3,Nam,Đông - Nam,2,9,9,In waiting,Basic,20.28
"Phố số 28, Phường Hàng Bạc, Hoàn Kiếm, Hà Nội",68.5,3.0,8.8,Tây - Nam,Đông - Nam,2,4,4,In waiting,Full,21.47
"Phố số 29, Phường Dịch Vọng, Cầu Giấy, Hà Nội",137.7,5.8,8.2,Đông - Nam,Đông,1,6,6,Have certificate,Basic,26.8
"Phố số 30, Phường Bến Nghé, Quận 1, Hồ Chí Minh",53.7,8.0,14.1,Bắc,Đông - Nam,4,3,3,Have certificate,Full,21.65
"Phố số 31, Phường Dịch Vọng, Cầu Giấy, Hà Nội",49.3,2.5,11.9,Đông - Nam,Tây - Nam,3,3,3,Have certificate,Full,10.7
"Phố số 32, Phường Võ Thị Sáu, Quận 3, Hồ Chí Minh",79.6,2.5,,Nam,Nam,3,3,4,Have certificate,Full,18.03
"Phố số 33, Phường Bến Nghé, Quận 1, Hồ Chí Minh",151.9,,2.2,Đông - Nam,Nam,5,9,9,In waiting,Full,45.0
"Phố số 34, Phường Phú Cường, Thủ Dầu Một, Bình Dương",64.8,4.8,10.1,Nam,Đông,3,4,3,In waiting,Full,5.27
"Phố số 35, Phường Đông Hòa, Dĩ An, Bình Dương",35.0,,7.2,Tây,Đông,7,4,4,Have certificate,Unknown,3.75
"Phố số 36, Phường Mỹ Đình 1, Nam Từ Liêm, Hà Nội",112.4,4.0,5.5,Tây - Nam,Đông - Nam,1,5,5,Other,Full,11.8
"Phố số 37, Phường 11, Gò Vấp, Hồ Chí Minh",72.2,4.4,12.1,Nam,Đông - Bắc,5,4,5,Have certificate,Basic,12.2
"Phố số 38, Phường Bến Nghé, Quận 1, Hồ Chí Minh",86.5,5.5,8.3,Bắc,Bắc,2,5,5,Have certificate,Full,25.26
"Phố số 39, Phường Khương Mai, Thanh Xuân, Hà Nội",50.6,6.7,7.7,Tây,Nam,1,3,3,Other,None,5.47
"Phố số 40, Phường 25, Bình Thạnh, Hồ Chí Minh",79.2,2.5,11.0,Đông - Bắc,Đông - Nam,1,3,3,Have certificate,Full,10.24
"Phố số 41, Phường Võ Thị Sáu, Quận 3, Hồ Chí Minh",35.0,4.1,5.8,Tây,Đông - Bắc,1,2,2,Have certificate,None,6.7
"Phố số 42, Phường 25, Bình Thạnh, Hồ Chí Minh",167.0,5.2,14.6,Tây - Nam,Đông - Nam,1,7,7,Have certificate,Full,28.79
"Phố số 43, Phường Bến Nghé, Quận 1, Hồ Chí Minh",122.1,3.1,4.0,Đông,Đông - Nam,4,7,6,Have certificate,Full,41.43
"Phố số 44, Phường An Hải Bắc, Sơn Trà, Đà Nẵng",77.5,7.9,10.5,Nam,Tây - Nam,1,3,3,Have certificate,Basic,6.99
"Phố số 45, Phường Tân Phong, Quận 7, Hồ Chí Minh",110.9,3.7,14.0,Nam,Đông - Nam,5,6,5,Have certificate,Basic,22.48
"Phố số 46, Phường Khương Mai, Thanh Xuân, Hà Nội",53.8,4.7,1.5,Tây - Nam,Đông - Nam,3,4,4,Have certificate,Full,9.81
"Phố số 47, Phường 11, Gò Vấp, Hồ Chí Minh",119.6,5.8,6.0,Bắc,Unknown,3,6,6,Have certificate,Full,17.21
"Phố số 48, Phường Hàng Bạc, Hoàn Kiếm, Hà Nội",63.4,3.7,12.6,Tây - Nam,Nam,4,4,3,Have certificate,Basic,23.91
"Phố số 49, Phường Hàng Bạc, Hoàn Kiếm, Hà Nội",61.1,2.5,12.7,Bắc,Bắc,2,3,3,In waiting,Full,18.19
"Phố số 50, Phường Tân Phong, Quận 7, Hồ Chí Minh",45.1,4.0,6.7,Nam,Đông - Nam,3,3,3,Have certificate,Basic,7.07
"Phố số 51, Phường Đông Hòa, Dĩ An, Bình Dương",91.7,6.7,4.2,Đông - Bắc,Tây,2,6,6,Have certificate,Basic,7.46
"Phố số 52, Phường Bồ Đề, Long Biên, Hà Nội",75.9,4.2,11.8,Tây - Nam,Đông,3,5,4,Have certificate,Basic,10.9
"Phố số 53, Phường Phú Cường, Thủ Dầu Một, Bình Dương",139.8,3.3,12.8,Đông - Bắc,Đông - Nam,3,7,7,Other,Full,10.91
"Phố số 54, Phường Thạch Thang, Hải Châu, Đà Nẵng",42.3,6.5,2.3,Tây - Nam,Đông - Bắc,1,2,1,Have certificate,Basic,3.7
"Phố số 55, Phường Dịch Vọng, Cầu Giấy, Hà Nội",91.9,4.2,2.1,Nam,Bắc,6,5,5,Other,Full,19.71
"Phố số 56, Phường An Hải Bắc, Sơn Trà, Đà Nẵng",127.6,3.9,8.5,Đông - Nam,Đông - Nam,1,5,5,Have certificate,Full,11.05
"Phố số 57, Phường Bến Nghé, Quận 1, Hồ Chí Minh",216.1,5.1,,Unknown,Đông - Bắc,3,9,8,Have certificate,Basic,45.0
"Phố số 58, Phường Tân Phong, Quận 7, Hồ Chí Minh",82.4,6.2,6.2,Đông - Nam,Nam,3,5,6,Have certificate,None,13.04
"Phố số 59, Phường Bến Nghé, Quận 1, Hồ Chí Minh",62.8,9.1,10.6,Đông,Đông - Bắc,2,4,3,Have certificate,Full,18.66
"Phố số 60, Phường 11, Gò Vấp, Hồ Chí Minh",81.4,6.3,4.3,Đông,Đông - Bắc,3,4,4,Have certificate,Full,9.81
"Phố số 61, Phường Thảo Điền, Thủ Đức, Hồ Chí Minh",134.6,6.9,1.5,Nam,Đông - Nam,7,9,10,Have certificate,Basic,35.58
"Phố số 62, Phường 11, Gò Vấp, Hồ Chí Minh",134.5,3.9,5.6,Tây,Đông - Nam,1,5,6,Have certificate,Full,15.2
"Phố số 63, Phường Mỹ Đình 1, Nam Từ Liêm, Hà Nội",70.7,3.0,7.8,Đông - Bắc,Đông,3,3,3,Have certificate,Basic,11.24
"Phố số 64, Phường Thảo Điền, Thủ Đức, Hồ Chí Minh",133.5,4.9,,Bắc,Tây - Bắc,2,6,7,Have certificate,Unknown,21.6
"Phố số 65, Phường 11, Gò Vấp, Hồ Chí Minh",74.2,5.0,2.3,Nam,Nam,4,5,6,Have certificate,Unknown,9.4
"Phố số 66, Phường Hàng Bạc, Hoàn Kiếm, Hà Nội",110.3,2.9,1.5,Tây - Nam,Tây - Nam,1,6,5,Have certificate,Full,31.09
"Phố số 67, Phường Võ Thị Sáu, Quận 3, Hồ Chí Minh",96.9,4.5,5.2,Bắc,Đông - Nam,3,6,6,Have certificate,Basic,25.18
"Phố số 68, Phường Mỹ Đình 1, Nam Từ Liêm, Hà Nội",61.5,5.5,11.5,Unknown,Đông - Bắc,2,3,2,Have certificate,None,8.59
"Phố số 69, Phường Bến Nghé, Quận 1, Hồ Chí Minh",46.0,5.4,13.2,Tây - Bắc,Tây - Nam,5,4,4,Have certificate,Full,19.35
"Phố số 70, Xã Xuân Quan, Văn Giang, Hưng Yên",129.2,5.7,12.8,Đông - Bắc,Đông - Bắc,4,7,7,Have certificate,Basic,16.38
"Phố số 71, Phường Bồ Đề, Long Biên, Hà Nội",145.9,5.3,3.8,Đông - Nam,Bắc,1,6,6,Have certificate,Full,16.14
"Phố số 72, Phường Tân Phong, Quận 7, Hồ Chí Minh",90.8,3.9,2.3,Đông - Nam,Đông - Nam,1,4,4,Have certificate,Full,12.3
"Phố số 73, Phường Bến Nghé, Quận 1, Hồ Chí Minh",74.1,3.9,9.7,Tây,Nam,1,3,2,In waiting,Unknown,15.6
"Phố số 74, Phường Mỹ Đình 1, Nam Từ Liêm, Hà Nội",39.5,2.6,10.4,Tây,Unknown,2,2,3,Have certificate,Basic,5.36
"Phố số 75, Phường Khương Mai, Thanh Xuân, Hà Nội",127.6,8.0,9.3,Đông - Bắc,Đông - Nam,3,8,7,Have certificate,Full,23.82
"Phố số 76, Phường Khương Mai, Thanh Xuân, Hà Nội",85.9,4.8,,Nam,Đông - Bắc,2,5,5,Have certificate,None,11.62
"Phố số 77, Phường Bồ Đề, Long Biên, Hà Nội",65.9,4.4,,Tây - Nam,Đông - Bắc,4,5,4,Have certificate,Basic,9.12
"Phố số 78, Phường Bến Nghé, Quận 1, Hồ Chí Minh",111.8,3.1,7.4,Nam,Tây - Nam,2,5,5,Other,None,25.35
"Phố số 79, Phường Thảo Điền, Thủ Đức, Hồ Chí Minh",35.6,10.1,9.7,Đông,Đông - Nam,1,1,1,Have certificate,Full,6.87
"Phố số 80, Phường Võ Thị Sáu, Quận 3, Hồ Chí Minh",43.9,2.9,11.0,Nam,Đông - Nam,2,2,2,Have certificate,Full,10.87
"Phố số 81, Phường Mộ Lao, Hà Đông, Hà Nội",52.8,,8.1,Bắc,Tây - Nam,1,2,2,Have certificate,Full,4.6
"Phố số 82, Phường Dịch Vọng, Cầu Giấy, Hà Nội",95.5,5.5,9.0,Nam,Đông - Nam,2,4,5,Have certificate,Basic,17.9
"Phố số 83, Phường 11, Gò Vấp, Hồ Chí Minh",81.8,5.9,7.9,Tây - Nam,Tây - Nam,4,6,5,Have certificate,Full,13.58
"Phố số 84, Phường Bến Nghé, Quận 1, Hồ Chí Minh",100.8,,10.6,Nam,Đông,5,5,6,Have certificate,Full,42.41
"Phố số 85, Phường 11, Gò Vấp, Hồ Chí Minh",123.6,8.1,8.9,Tây - Nam,Nam,4,7,6,Have certificate,Unknown,16.95
"Phố số 86, Phường 11, Gò Vấp, Hồ Chí Minh",102.5,5.7,7.8,Tây - Nam,Nam,3,7,6,Have certificate,None,12.8
"Phố số 87, Phường Khương Mai, Thanh Xuân, Hà Nội",168.7,2.9,6.3,Tây - Bắc,Tây - Bắc,1,7,6,Have certificate,Basic,26.31
"Phố số 88, Phường Dịch Vọng, Cầu Giấy, Hà Nội",123.5,4.3,7.9,Đông - Nam,Đông,2,6,7,Have certificate,None,22.16
"Phố số 89, Phường Thạch Thang, Hải Châu, Đà Nẵng",70.7,5.4,9.7,Nam,Đông,1,4,3,Have certificate,None,5.9
"Phố số 90, Phường 25, Bình Thạnh, Hồ Chí Minh",57.0,8.5,8.7,Đông - Bắc,Tây - Bắc,2,3,4,Have certificate,Basic,8.57
"Phố số 91, Phường Võ Thị Sáu, Quận 3, Hồ Chí Minh",71.7,2.5,9.2,Nam,Tây - Nam,4,5,6,Have certificate,Basic,20.36
"Phố số 92, Phường Khương Mai, Thanh Xuân, Hà Nội",104.2,7.0,13.5,Đông - Nam,Tây - Bắc,2,6,6,Have certificate,None,14.51
"Phố số 93, Phường Bồ Đề, Long Biên, Hà Nội",60.1,5.1,8.7,Đông,Đông - Nam,4,4,4,In waiting,Basic,7.51
"Phố số 94, Phường Hàng Bạc, Hoàn Kiếm, Hà Nội",105.6,6.3,4.6,Tây - Nam,Tây,2,5,5,Have certificate,Full,32.98
"Phố số 95, Phường Bồ Đề, Long Biên, Hà Nội",100.0,4.6,11.5,Đông - Nam,Nam,4,5,5,Have certificate,Full,15.9
"Phố số 96, Phường 25, Bình Thạnh, Hồ Chí Minh",45.6,3.3,,Nam,Tây,5,3,2,Have certificate,Full,8.97
"Phố số 97, Phường Hàng Bạc, Hoàn Kiếm, Hà Nội",122.4,6.2,2.6,Tây,Tây,5,7,7,Have certificate,None,44.06
"Phố số 98, Phường Thảo Điền, Thủ Đức, Hồ Chí Minh",89.3,6.0,9.0,Đông,Nam,6,6,6,Have certificate,Basic,24.55
"Phố số 99, Phường Bến Nghé, Quận 1, Hồ Chí Minh",164.8,6.5,9.8,Đông - Nam,Nam,5,10,10,Have certificate,None,45.0
"Phố số 100, Phường Võ Thị Sáu, Quận 3, Hồ Chí Minh",74.3,4.8,,Nam,Đông - Bắc,5,6,6,Have certificate,Basic,21.49
"Phố số 101, Phường Bến Nghé, Quận 1, Hồ Chí Minh",64.4,,5.8,Tây - Nam,Đông - Nam,4,4,3,Have certificate,Full,22.38
"Phố số 102, Phường Dịch Vọng, Cầu Giấy, Hà Nội",42.6,,4.8,Đông - Nam,Đông - Bắc,4,4,5,Have certificate,Basic,9.25
"Phố số 103, Phường 11, Gò Vấp, Hồ Chí Minh",42.2,6.3,5.3,Tây,Đông - Nam,1,3,2,Have certificate,Full,4.7
"Phố số 104, Phường Hàng Bạc, Hoàn Kiếm, Hà Nội",115.6,5.6,11.7,Đông - Bắc,Bắc,1,5,5,In waiting,Full,29.7
"Phố số 105, Phường An Hải Bắc, Sơn Trà, Đà Nẵng",157.0,3.1,10.7,Đông,Nam,3,8,7,Have certificate,None,17.81
"Phố số 106, Phường Tân Phong, Quận 7, Hồ Chí Minh",71.2,3.8,7.4,Bắc,Đông,2,4,5,Have certificate,Basic,9.59
"Phố số 107, Phường Thảo Điền, Thủ Đức, Hồ Chí Minh",69.0,4.0,5.0,Nam,Đông - Nam,3,5,6,Have certificate,None,13.33
"Phố số 108, Phường Bồ Đề, Long Biên, Hà Nội",77.6,,1.5,Nam,Nam,7,6,6,Have certificate,Full,11.7
"Phố số 109, Phường Tân Phong, Quận 7, Hồ Chí Minh",126.3,3.3,13.9,Tây - Nam,Nam,5,8,7,Have certificate,Basic,27.54
"Phố số 110, Phường Bến Nghé, Quận 1, Hồ Chí Minh",45.8,2.8,,Tây - Nam,Đông,4,3,3,Have certificate,Full,15.69
"Phố số 111, Phường 11, Gò Vấp, Hồ Chí Minh",84.1,,4.3,Nam,Đông - Nam,5,6,6,Have certificate,Basic,13.32
"Phố số 112, Phường Võ Thị Sáu, Quận 3, Hồ Chí Minh",116.8,3.5,10.7,Nam,Bắc,2,6,6,Have certificate,Full,31.73
"Phố số 113, Phường An Hải Bắc, Sơn Trà, Đà Nẵng",95.0,2.5,7.2,Nam,Đông - Nam,4,6,6,Other,Basic,9.66
"Phố số 114, Phường Mỹ Đình 1, Nam Từ Liêm, Hà Nội",35.0,8.4,6.2,Nam,Đông - Bắc,8,4,4,Have certificate,Full,7.58
"Phố số 115, Phường Dịch Vọng, Cầu Giấy, Hà Nội",102.8,7.1,9.5,Đông - Bắc,Đông,2,4,4,Other,Full,16.36
"Phố số 116, Phường Thạch Thang, Hải Châu, Đà Nẵng",95.4,,4.2,Tây - Nam,Đông,2,5,5,Unknown,Basic,8.56
"Phố số 117, Phường Mỹ Đình 1, Nam Từ Liêm, Hà Nội",137.6,5.3,6.0,Đông,Đông - Nam,1,6,6,Have certificate,Basic,16.07
"Phố số 118, Phường Tân Phong, Quận 7, Hồ Chí Minh",151.2,5.6,8.0,Nam,Tây - Nam,2,7,7,Have certificate,Basic,20.23
"Phố số 119, Phường Thạch Thang, Hải Châu, Đà Nẵng",134.4,6.9,5.3,Nam,Đông,1,6,6,Have certificate,Basic,15.06
"Phố số 120, Phường Hàng Bạc, Hoàn Kiếm, Hà Nội",77.8,,10.5,Nam,Đông - Nam,5,4,4,In waiting,None,31.58
"Phố số 121, Phường Mỹ Đình 1, Nam Từ Liêm, Hà Nội",35.0,6.8,15.9,Đông - Nam,Đông - Nam,1,3,3,Have certificate,None,4.71
"Phố số 122, Phường Thạch Thang, Hải Châu, Đà Nẵng",186.4,3.8,4.1,Nam,Đông - Nam,2,9,9,Have certificate,Full,24.01
"Phố số 123, Phường 11, Gò Vấp, Hồ Chí Minh",68.7,2.5,1.5,Nam,Đông - Nam,4,5,4,Have certificate,Full,10.21
"Phố số 124, Phường Võ Thị Sáu, Quận 3, Hồ Chí Minh",76.6,,,Đông,Đông - Nam,6,6,7,Have certificate,Basic,23.25
"Phố số 125, Phường Tân Phong, Quận 7, Hồ Chí Minh",156.1,7.1,6.8,Tây,Đông - Nam,5,9,10,Have certificate,Full,29.43
"Phố số 126, Phường Thảo Điền, Thủ Đức, Hồ Chí Minh",50.9,9.5,4.5,Nam,Tây - Nam,2,2,2,Have certificate,Full,10.22
"Phố số 127, Phường Mỹ Đình 1, Nam Từ Liêm, Hà Nội",36.2,2.6,8.4,Tây - Bắc,Nam,1,3,2,In waiting,Full,3.65
"Phố số 128, Phường Mộ Lao, Hà Đông, Hà Nội",60.3,6.1,8.1,Tây,Nam,4,4,4,Have certificate,Full,9.1
"Phố số 129, Phường Bến Nghé, Quận 1, Hồ Chí Minh",52.3,4.1,1.5,Unknown,Đông - Nam,2,3,4,Unknown,Basic,9.64
"Phố số 130, Phường Hàng Bạc, Hoàn Kiếm, Hà Nội",35.0,6.2,1.5,Bắc,Đông,6,4,4,Have certificate,Full,16.89
"Phố số 131, Phường Thảo Điền, Thủ Đức, Hồ Chí Minh",72.0,2.5,8.8,Tây - Nam,Nam,3,4,3,Other,Full,13.99
"Phố số 132, Phường Tân Phong, Quận 7, Hồ Chí Minh",78.1,2.5,8.1,Tây - Nam,Tây - Nam,4,5,5,Have certificate,None,15.08
"Phố số 133, Phường Võ Thị Sáu, Quận 3, Hồ Chí Minh",35.0,3.4,5.6,Đông - Nam,Đông - Bắc,5,4,5,Have certificate,None,10.19
"Phố số 134, Phường 11, Gò Vấp, Hồ Chí Minh",64.2,,1.5,Đông - Bắc,Đông,3,5,4,Have certificate,None,8.07
"Phố số 135, Phường Phú Cường, Thủ Dầu Một, Bình Dương",50.6,3.6,9.6,Tây - Nam,Nam,3,3,3,Have certificate,Full,4.54
"Phố số 136, Phường 11, Gò Vấp, Hồ Chí Minh",35.0,6.0,13.2,Đông,Đông,4,4,4,In waiting,Full,4.83
"Phố số 137, Phường Hàng Bạc, Hoàn Kiếm, Hà Nội",79.3,6.6,8.8,Đông - Bắc,Nam,6,6,6,Have certificate,Full,35.76
"Phố số 138, Phường Khương Mai, Thanh Xuân, Hà Nội",83.1,5.9,3.7,Đông,Bắc,3,5,5,Have certificate,Full,12.56
"Phố số 139, Phường Thảo Điền, Thủ Đức, Hồ Chí Minh",50.6,7.7,7.7,Đông,Đông - Bắc,2,4,4,Have certificate,Full,10.29
"Phố số 140, Xã Xuân Quan, Văn Giang, Hưng Yên",121.9,5.5,1.5,Nam,Đông,5,7,6,Have certificate,None,14.62
"Phố số 141, Phường Đông Hòa, Dĩ An, Bình Dương",75.8,,12.3,Đông - Bắc,Tây - Bắc,3,5,5,Have certificate,Unknown,6.68
"Phố số 142, Phường Tân Phong, Quận 7, Hồ Chí Minh",51.9,7.3,7.9,Bắc,Đông,6,5,5,Have certificate,None,10.57
"Phố số 143, Phường 25, Bình Thạnh, Hồ Chí Minh",35.0,,1.5,Tây,Nam,4,4,3,Have certificate,Basic,5.67
"Phố số 144, Phường 11, Gò Vấp, Hồ Chí Minh",85.2,6.4,6.1,Tây,Đông - Nam,1,5,5,Have certificate,Basic,9.76
"Phố số 145, Phường 11, Gò Vấp, Hồ Chí Minh",95.3,7.6,9.6,Đông - Nam,Đông,6,6,6,In waiting,Basic,15.64
"Phố số 146, Phường Bến Nghé, Quận 1, Hồ Chí Minh",58.6,5.6,,Bắc,Tây,5,4,4,Have certificate,None,22.28
"Phố số 147, Phường Dịch Vọng, Cầu Giấy, Hà Nội",80.5,2.5,6.3,Nam,Tây,7,5,5,Have certificate,Basic,22.73
"Phố số 148, Phường Hàng Bạc, Hoàn Kiếm, Hà Nội",151.2,,2.0,Bắc,Tây - Nam,5,8,8,Have certificate,Full,45.0
"Phố số 149, Phường Bến Nghé, Quận 1, Hồ Chí Minh",113.0,,,Đông - Nam,Nam,4,6,6,Have certificate,Full,44.93
"Phố số 150, Phường 11, Gò Vấp, Hồ Chí Minh",35.0,4.5,4.6,Đông,Tây - Nam,6,4,4,Have certificate,Basic,5.84
"Phố số 151, Phường An Hải Bắc, Sơn Trà, Đà Nẵng",51.6,4.9,1.5,Đông - Bắc,Đông - Bắc,2,3,4,Have certificate,Full,4.92
"Phố số 152, Phường Tân Phong, Quận 7, Hồ Chí Minh",70.3,6.2,5.8,Tây - Nam,Nam,3,4,4,Other,None,8.73
"Phố số 153, Phường Võ Thị Sáu, Quận 3, Hồ Chí Minh",77.9,6.1,11.9,Đông,Đông,1,4,4,Have certificate,Basic,18.44
"Phố số 154, Phường 25, Bình Thạnh, Hồ Chí Minh",81.4,5.3,5.8,Đông - Bắc,Tây - Nam,4,5,4,Have certificate,Basic,15.05
"Phố số 155, Xã Xuân Quan, Văn Giang, Hưng Yên",92.4,4.4,,Đông,Bắc,5,6,5,Have certificate,Full,15.15
"Phố số 156, Phường Tân Phong, Quận 7, Hồ Chí Minh",71.4,4.2,9.4,Nam,Đông - Bắc,3,4,3,Have certificate,Basic,11.0
"Phố số 157, Phường Khương Mai, Thanh Xuân, Hà Nội",75.7,6.3,9.0,Tây - Nam,Đông - Nam,2,5,5,Unknown,Full,10.99
"Phố số 158, Phường Bồ Đề, Long Biên, Hà Nội",115.8,5.8,6.9,Đông - Nam,Đông - Nam,2,5,5,Unknown,Basic,9.6
"Phố số 159, Phường Tân Phong, Quận 7, Hồ Chí Minh",86.1,4.3,7.2,Đông - Bắc,Tây,1,5,5,Have certificate,Full,10.52
"Phố số 160, Phường Khương Mai, Thanh Xuân, Hà Nội",40.3,,6.3,Đông - Nam,Tây,3,3,3,Have certificate,Unknown,5.47
"Phố số 161, Phường Thảo Điền, Thủ Đức, Hồ Chí Minh",79.1,4.6,6.1,Đông,Nam,5,5,4,Have certificate,Basic,18.38
"Phố số 162, Phường Dịch Vọng, Cầu Giấy, Hà Nội",70.4,3.3,9.9,Đông,Đông,5,4,4,Have certificate,Basic,15.11
"Phố số 163, Phường Dịch Vọng, Cầu Giấy, Hà Nội",35.0,3.4,3.3,Nam,Bắc,5,4,4,Have certificate,None,7.62
"Phố số 164, Phường Hàng Bạc, Hoàn Kiếm, Hà Nội",81.0,3.0,2.7,Đông,Bắc,3,5,5,Have certificate,Unknown,24.07
"Phố số 165, Phường Bến Nghé, Quận 1, Hồ Chí Minh",43.2,,,Tây - Nam,Đông - Bắc,4,4,4,Have certificate,Full,16.43
"Phố số 166, Phường Mộ Lao, Hà Đông, Hà Nội",116.6,,16.7,Tây - Bắc,Đông - Nam,2,6,6,Have certificate,None,14.43
"Phố số 167, Phường 11, Gò Vấp, Hồ Chí Minh",91.8,3.4,,Tây,Đông - Bắc,1,5,5,Have certificate,Full,9.94
"Phố số 168, Phường Tân Phong, Quận 7, Hồ Chí Minh",39.1,5.1,8.9,Đông - Bắc,Đông - Nam,4,4,5,Have certificate,Basic,7.02
"Phố số 169, Phường Bến Nghé, Quận 1, Hồ Chí Minh",114.1,3.6,2.7,Đông,Bắc,3,6,7,Have certificate,Full,36.95
"Phố số 170, Phường Dịch Vọng, Cầu Giấy, Hà Nội",138.7,4.3,10.3,Nam,Đông - Nam,4,8,9,Have certificate,Basic,34.66
"Phố số 171, Phường Khương Mai, Thanh Xuân, Hà Nội",66.2,2.5,,Đông - Nam,Tây - Nam,3,4,5,Have certificate,Basic,9.79
"Phố số 172, Phường Bến Nghé, Quận 1, Hồ Chí Minh",70.2,4.4,8.5,Nam,Tây - Nam,4,4,4,Have certificate,Basic,23.22
"Phố số 173, Phường Hàng Bạc, Hoàn Kiếm, Hà Nội",108.9,4.5,3.1,Tây,Đông - Bắc,2,6,6,Have certificate,Basic,34.08
"Phố số 174, Phường Tân Phong, Quận 7, Hồ Chí Minh",133.9,5.8,8.2,Nam,Đông,4,8,8,Have certificate,Basic,26.25
"Phố số 175, Phường Dịch Vọng, Cầu Giấy, Hà Nội",35.0,5.2,5.6,Đông,Đông - Nam,5,4,4,Have certificate,Full,7.61
"Phố số 176, Phường Võ Thị Sáu, Quận 3, Hồ Chí Minh",41.6,2.6,4.1,Nam,Đông - Bắc,1,1,1,Have certificate,None,8.14
"Phố số 177, Phường Khương Mai, Thanh Xuân, Hà Nội",60.9,6.8,10.8,Nam,Nam,6,4,3,Have certificate,Basic,14.91
"Phố số 178, Phường Thảo Điền, Thủ Đức, Hồ Chí Minh",64.2,5.2,1.5,Đông - Nam,Nam,4,4,5,Have certificate,Basic,14.51
"Phố số 179, Phường Phú Cường, Thủ Dầu Một, Bình Dương",107.4,,10.0,Tây - Nam,Unknown,1,4,4,Have certificate,Unknown,6.95
"Phố số 180, Phường Võ Thị Sáu, Quận 3, Hồ Chí Minh",134.2,4.8,10.6,Đông,Tây - Nam,5,8,9,Have certificate,Full,45.0
"Phố số 181, Phường 11, Gò Vấp, Hồ Chí Minh",138.9,3.9,3.5,Tây - Nam,Đông - Bắc,1,6,5,Have certificate,Basic,16.43
"Phố số 182, Phường Võ Thị Sáu, Quận 3, Hồ Chí Minh",35.0,5.2,3.8,Đông,Đông,2,2,2,Have certificate,Basic,8.2
"Phố số 183, Phường An Hải Bắc, Sơn Trà, Đà Nẵng",49.1,5.7,6.5,Tây,Đông - Bắc,1,2,2,Have certificate,Full,3.85
"Phố số 184, Phường Thạch Thang, Hải Châu, Đà Nẵng",38.2,2.5,8.8,Đông - Bắc,Đông - Bắc,3,3,3,Have certificate,Full,5.22
"Phố số 185, Phường Tân Phong, Quận 7, Hồ Chí Minh",55.3,3.8,6.8,Tây,Tây - Nam,4,3,2,Have certificate,None,9.13
"Phố số 186, Phường Dịch Vọng, Cầu Giấy, Hà Nội",49.0,4.3,,Đông,Unknown,2,2,2,In waiting,Full,8.29
"Phố số 187, Phường Mỹ Đình 1, Nam Từ Liêm, Hà Nội",91.7,5.3,15.4,Nam,Đông,3,5,4,Have certificate,Basic,15.39
"Phố số 188, Phường Hàng Bạc, Hoàn Kiếm, Hà Nội",96.9,,5.2,Tây - Bắc,Đông - Bắc,1,4,4,Have certificate,Basic,27.06
"Phố số 189, Phường Hàng Bạc, Hoàn Kiếm, Hà Nội",75.2,3.4,1.5,Đông - Nam,Đông - Bắc,3,4,4,Other,Basic,20.12
"Phố số 190, Phường Tân Phong, Quận 7, Hồ Chí Minh",71.8,3.9,11.2,Đông - Nam,Nam,1,4,5,Have certificate,Basic,9.76
"Phố số 191, Phường Bến Nghé, Quận 1, Hồ Chí Minh",62.2,3.9,15.1,Đông,Đông,3,4,3,Have certificate,None,20.63
"Phố số 192, Phường Thạch Thang, Hải Châu, Đà Nẵng",65.9,3.4,,Tây - Nam,Tây - Bắc,4,4,4,Have certificate,Full,8.84
"Phố số 193, Phường An Hải Bắc, Sơn Trà, Đà Nẵng",150.4,4.2,2.6,Đông - Nam,Đông - Nam,1,6,5,In waiting,Basic,10.53
"Phố số 194, Phường Dịch Vọng, Cầu Giấy, Hà Nội",103.6,,6.9,Đông - Bắc,Nam,1,4,3,Have certificate,Basic,16.99
"Phố số 195, Phường 11, Gò Vấp, Hồ Chí Minh",63.4,2.9,2.5,Tây - Nam,Đông,3,5,5,In waiting,Full,7.76
"Phố số 196, Phường 11, Gò Vấp, Hồ Chí Minh",71.1,5.6,10.4,Đông,Đông - Nam,4,3,3,Have certificate,Unknown,12.9
"Phố số 197, Phường Khương Mai, Thanh Xuân, Hà Nội",92.7,,1.5,Đông,Bắc,7,7,8,In waiting,None,14.61
"Phố số 198, Phường Thạch Thang, Hải Châu, Đà Nẵng",39.1,3.8,6.1,Đông,Nam,3,3,3,Other,Full,4.42
"Phố số 199, Phường Thạch Thang, Hải Châu, Đà Nẵng",80.4,4.2,3.0,Đông - Nam,Nam,7,7,8,Have certificate,Basic,15.03
"Phố số 200, Phường Bồ Đề, Long Biên, Hà Nội",101.0,7.8,8.1,Đông - Nam,Tây,3,6,5,Have certificate,Basic,12.29
"Phố số 201, Phường Dịch Vọng, Cầu Giấy, Hà Nội",94.9,4.3,5.9,Nam,Nam,5,5,5,Have certificate,Full,24.54
"Phố số 202, Phường Bến Nghé, Quận 1, Hồ Chí Minh",49.6,2.5,8.3,Đông - Bắc,Tây - Nam,4,4,3,Have certificate,None,16.12
"Phố số 203, Phường Võ Thị Sáu, Quận 3, Hồ Chí Minh",54.4,2.5,7.6,Tây - Nam,Tây,5,3,3,In waiting,Basic,14.11
"Phố số 204, Phường Thạch Thang, Hải Châu, Đà Nẵng",35.0,4.9,3.1,Đông,Đông - Bắc,2,3,3,Have certificate,Basic,3.59
"Phố số 205, Phường Dịch Vọng, Cầu Giấy, Hà Nội",106.0,5.9,10.3,Tây - Nam,Đông - Bắc,5,7,6,Have certificate,Full,27.43
"Phố số 206, Phường Bến Nghé, Quận 1, Hồ Chí Minh",179.9,5.5,,Tây - Nam,Đông - Nam,3,10,10,Have certificate,Full,45.0
"Phố số 207, Phường Võ Thị Sáu, Quận 3, Hồ Chí Minh",46.0,,3.1,Nam,Đông - Nam,3,3,2,Have certificate,Full,12.36
"Phố số 208, Phường Khương Mai, Thanh Xuân, Hà Nội",123.2,,17.6,Đông - Nam,Nam,3,6,5,Have certificate,Basic,20.46
"Phố số 209, Phường Bến Nghé, Quận 1, Hồ Chí Minh",172.4,3.8,9.6,Bắc,Đông - Nam,3,8,7,Have certificate,Basic,45.0
"Phố số 210, Phường Võ Thị Sáu, Quận 3, Hồ Chí Minh",59.2,6.4,6.8,Tây - Nam,Đông,1,4,3,Have certificate,Full,13.62
"Phố số 211, Phường Hàng Bạc, Hoàn Kiếm, Hà Nội",71.2,2.5,13.9,Đông - Bắc,Nam,2,5,5,Have certificate,Full,26.95
"Phố số 212, Phường Khương Mai, Thanh Xuân, Hà Nội",84.7,,15.8,Đông,Đông,3,4,4,Other,Basic,14.99
"Phố số 213, Phường Dịch Vọng, Cầu Giấy, Hà Nội",93.5,2.5,6.8,Đông - Bắc,Nam,2,5,5,Have certificate,Basic,18.39
"Phố số 214, Phường Tân Phong, Quận 7, Hồ Chí Minh",86.9,4.3,9.1,Tây - Nam,Đông,3,6,6,Have certificate,Basic,13.41
"Phố số 215, Phường Khương Mai, Thanh Xuân, Hà Nội",61.5,4.7,3.1,Đông - Nam,Nam,1,3,4,Have certificate,Basic,6.92
"Phố số 216, Phường Tân Phong, Quận 7, Hồ Chí Minh",100.2,5.0,,Bắc,Đông - Nam,6,6,6,Have certificate,Full,18.9
"Phố số 217, Phường 11, Gò Vấp, Hồ Chí Minh",62.2,4.9,6.6,Nam,Tây - Nam,1,3,3,Have certificate,Full,6.73
"Phố số 218, Phường Bồ Đề, Long Biên, Hà Nội",89.7,3.1,8.3,Đông - Nam,Tây - Nam,2,4,4,Have certificate,Full,9.45
"Phố số 219, Phường Dịch Vọng, Cầu Giấy, Hà Nội",73.9,4.5,9.0,Đông - Nam,Tây,2,4,4,Have certificate,Basic,14.18
"Phố số 220, Phường Mộ Lao, Hà Đông, Hà Nội",35.0,2.5,10.0,Đông - Bắc,Bắc,1,2,3,Have certificate,Full,3.34
"Phố số 221, Phường Dịch Vọng, Cầu Giấy, Hà Nội",131.6,7.3,8.6,Đông - Bắc,Đông - Bắc,5,7,7,Have certificate,Basic,32.52
"Phố số 222, Phường Hàng Bạc, Hoàn Kiếm, Hà Nội",55.2,4.3,2.1,Đông - Bắc,Tây - Nam,3,4,3,Have certificate,Basic,19.6
"Phố số 223, Phường Bến Nghé, Quận 1, Hồ Chí Minh",137.7,3.9,3.3,Bắc,Đông - Nam,3,7,7,Have certificate,Unknown,43.5
"Phố số 224, Phường Thảo Điền, Thủ Đức, Hồ Chí Minh",120.9,7.7,5.0,Nam,Đông - Nam,6,8,8,Unknown,Unknown,24.74
"Phố số 225, Phường 11, Gò Vấp, Hồ Chí Minh",83.5,2.6,6.2,Tây - Nam,Tây,4,5,5,Have certificate,Unknown,11.05
"Phố số 226, Phường Tân Phong, Quận 7, Hồ Chí Minh",95.8,2.8,12.2,Tây - Nam,Đông - Nam,3,5,6,Have certificate,Basic,17.78
"Phố số 227, Xã Xuân Quan, Văn Giang, Hưng Yên",101.3,2.8,2.3,Unknown,Nam,4,5,6,Other,Basic,10.75
"Phố số 228, Phường Thảo Điền, Thủ Đức, Hồ Chí Minh",68.0,,5.9,Nam,Đông - Nam,4,5,4,In waiting,Basic,14.5
"Phố số 229, Phường Thạch Thang, Hải Châu, Đà Nẵng",69.6,5.6,11.8,Tây - Bắc,Đông - Nam,1,3,3,Have certificate,None,6.94
"Phố số 230, Phường Dịch Vọng, Cầu Giấy, Hà Nội",99.0,6.1,6.2,Đông - Nam,Đông - Bắc,6,7,7,Have certificate,Unknown,21.56
"Phố số 231, Phường Mỹ Đình 1, Nam Từ Liêm, Hà Nội",74.3,9.4,9.6,Đông - Bắc,Nam,2,3,3,Have certificate,Full,11.86
"Phố số 232, Phường Hàng Bạc, Hoàn Kiếm, Hà Nội",61.6,2.5,,Tây - Nam,Nam,4,5,5,Have certificate,Full,23.63
"Phố số 233, Phường Hàng Bạc, Hoàn Kiếm, Hà Nội",50.0,5.9,,Tây,Đông - Nam,4,4,4,Have certificate,Basic,20.18
"Phố số 234, Phường 25, Bình Thạnh, Hồ Chí Minh",91.0,,6.5,Đông - Nam,Tây - Nam,8,7,7,Have certificate,Basic,21.62
"Phố số 235, Phường Tân Phong, Quận 7, Hồ Chí Minh",54.2,3.7,10.5,Đông - Nam,Đông - Bắc,3,4,4,Have certificate,Basic,9.67
"Phố số 236, Phường Khương Mai, Thanh Xuân, Hà Nội",111.4,3.7,1.5,Đông - Nam,Nam,4,6,6,Have certificate,None,19.65
"Phố số 237, Phường 11, Gò Vấp, Hồ Chí Minh",115.8,3.2,5.9,Tây - Nam,Đông - Bắc,5,6,7,Other,Basic,14.66
"Phố số 238, Phường Bến Nghé, Quận 1, Hồ Chí Minh",95.5,7.8,8.8,Tây - Nam,Đông - Nam,2,5,5,Have certificate,Full,29.72
"Phố số 239, Phường Dịch Vọng, Cầu Giấy, Hà Nội",104.9,6.3,9.9,Bắc,Tây - Nam,1,4,5,Have certificate,Unknown,15.24
"Phố số 240, Phường Võ Thị Sáu, Quận 3, Hồ Chí Minh",95.6,4.8,14.2,Đông,Đông - Bắc,5,7,6,Have certificate,Full,30.67
"Phố số 241, Phường Phú Cường, Thủ Dầu Một, Bình Dương",108.4,7.2,5.7,Đông - Nam,Tây - Bắc,4,6,6,Have certificate,Full,9.81
"Phố số 242, Phường Đông Hòa, Dĩ An, Bình Dương",106.3,2.5,14.2,Đông - Nam,Đông - Nam,5,5,4,In waiting,Basic,10.02
"Phố số 243, Phường An Hải Bắc, Sơn Trà, Đà Nẵng",88.7,2.5,4.5,Đông - Nam,Đông - Nam,3,5,5,Have certificate,Full,9.75
"Phố số 244, Phường Thảo Điền, Thủ Đức, Hồ Chí Minh",121.6,,13.5,Tây,Nam,2,5,4,Have certificate,Full,27.17
"Phố số 245, Phường Bến Nghé, Quận 1, Hồ Chí Minh",69.2,3.5,11.2,Tây,Đông - Nam,2,4,5,Have certificate,Full,22.85
"Phố số 246, Phường An Hải Bắc, Sơn Trà, Đà Nẵng",50.8,5.1,3.4,Unknown,Đông - Nam,1,2,2,Have certificate,Full,4.53
"Phố số 247, Phường Thảo Điền, Thủ Đức, Hồ Chí Minh",49.5,5.0,8.9,Đông,Nam,7,4,3,Have certificate,Basic,16.12
"Phố số 248, Phường Đông Hòa, Dĩ An, Bình Dương",64.2,5.1,7.3,Đông - Nam,Nam,3,4,4,Have certificate,Full,5.87
"Phố số 249, Phường Đông Hòa, Dĩ An, Bình Dương",35.0,2.5,10.3,Nam,Bắc,2,2,3,Have certificate,Basic,2.89
"Phố số 250, Phường Mộ Lao, Hà Đông, Hà Nội",83.1,6.2,6.5,Tây - Nam,Đông - Nam,3,5,5,Have certificate,Full,10.45
"Phố số 251, Phường 11, Gò Vấp, Hồ Chí Minh",101.9,5.2,6.1,Tây - Bắc,Unknown,5,6,5,Have certificate,Basic,17.55
"Phố số 252, Phường Thảo Điền, Thủ Đức, Hồ Chí Minh",115.0,6.1,13.7,Đông - Nam,Tây,4,7,8,Have certificate,Full,35.42
"Phố số 253, Phường Mộ Lao, Hà Đông, Hà Nội",35.0,2.5,7.1,Đông - Nam,Bắc,1,2,2,Have certificate,Full,3.8
"Phố số 254, Phường 11, Gò Vấp, Hồ Chí Minh",50.3,5.4,11.2,Đông - Bắc,Bắc,1,2,2,Have certificate,Full,6.33
"Phố số 255, Phường Võ Thị Sáu, Quận 3, Hồ Chí Minh",109.8,2.7,6.5,Tây - Nam,Đông - Bắc,5,6,6,Have certificate,Full,34.3
"Phố số 256, Phường Hàng Bạc, Hoàn Kiếm, Hà Nội",68.1,4.1,15.0,Nam,Đông - Bắc,1,3,3,Have certificate,Basic,22.12
"Phố số 257, Phường Phú Cường, Thủ Dầu Một, Bình Dương",100.9,5.8,4.4,Tây,Nam,4,5,6,Have certificate,Basic,8.06
"Phố số 258, Phường Khương Mai, Thanh Xuân, Hà Nội",38.1,5.0,,Đông - Nam,Đông,4,4,4,Have certificate,Unknown,5.87
"Phố số 259, Phường Hàng Bạc, Hoàn Kiếm, Hà Nội",136.9,3.3,14.4,Tây - Bắc,Tây - Bắc,5,7,6,Have certificate,None,45.0
"Phố số 260, Phường Bến Nghé, Quận 1, Hồ Chí Minh",36.5,4.8,5.5,Đông - Nam,Nam,2,3,4,Have certificate,Basic,11.52
"Phố số 261, Phường Dịch Vọng, Cầu Giấy, Hà Nội",35.0,2.5,,Đông - Nam,Đông - Nam,3,2,1,Have certificate,Full,6.84
"Phố số 262, Phường Hoàng Văn Thụ, Hồng Bàng, Hải Phòng",82.0,6.9,11.5,Nam,Đông - Bắc,3,5,6,Other,Basic,9.69
"Phố số 263, Phường Võ Thị Sáu, Quận 3, Hồ Chí Minh",83.0,4.4,6.8,Đông - Nam,Đông,4,5,5,Have certificate,Full,22.46
"Phố số 264, Phường Hàng Bạc, Hoàn Kiếm, Hà Nội",58.3,6.8,1.5,Đông,Tây,5,5,5,Have certificate,Basic,23.03
"Phố số 265, Phường Thạch Thang, Hải Châu, Đà Nẵng",93.9,3.9,7.4,Đông - Bắc,Đông - Nam,3,6,5,Other,Full,10.92
"Phố số 266, Phường Bồ Đề, Long Biên, Hà Nội",95.1,3.9,8.0,Đông,Tây - Nam,3,6,7,Have certificate,None,12.56
"Phố số 267, Phường Khương Mai, Thanh Xuân, Hà Nội",90.4,3.4,12.8,Tây - Nam,Đông - Nam,6,6,6,Have certificate,None,18.07
"Phố số 268, Phường Khương Mai, Thanh Xuân, Hà Nội",57.8,6.4,14.6,Nam,Bắc,5,3,4,Have certificate,Full,11.82
"Phố số 269, Phường Thảo Điền, Thủ Đức, Hồ Chí Minh",52.3,3.5,4.4,Đông - Nam,Đông - Nam,3,4,4,Have certificate,Basic,11.26
"Phố số 270, Phường 11, Gò Vấp, Hồ Chí Minh",60.9,6.0,11.1,Unknown,Tây,3,4,3,Have certificate,Basic,8.3
"Phố số 271, Phường Mỹ Đình 1, Nam Từ Liêm, Hà Nội",48.7,4.1,10.9,Tây,Đông - Nam,1,4,4,In waiting,Full,5.99
"Phố số 272, Phường Mỹ Đình 1, Nam Từ Liêm, Hà Nội",124.2,2.5,12.3,Đông - Nam,Đông - Nam,2,6,6,Have certificate,None,19.24
"Phố số 273, Phường Mộ Lao, Hà Đông, Hà Nội",63.6,,9.7,Đông,Đông - Nam,5,4,4,Have certificate,Full,9.46
"Phố số 274, Phường An Hải Bắc, Sơn Trà, Đà Nẵng",80.8,2.7,1.5,Tây - Nam,Nam,6,6,7,Have certificate,Full,10.3
"Phố số 275, Phường Hàng Bạc, Hoàn Kiếm, Hà Nội",109.6,4.9,6.8,Đông - Nam,Tây - Nam,3,6,6,Have certificate,Basic,32.5
"Phố số 276, Phường Hàng Bạc, Hoàn Kiếm, Hà Nội",47.4,2.7,2.3,Tây - Nam,Đông - Nam,3,3,3,Have certificate,Full,17.54
"Phố số 277, Phường Mỹ Đình 1, Nam Từ Liêm, Hà Nội",35.6,6.5,6.6,Đông,Nam,6,4,5,Have certificate,Full,8.37
"Phố số 278, Phường Dịch Vọng, Cầu Giấy, Hà Nội",48.7,4.6,11.9,Đông - Nam,Đông - Nam,2,2,1,Have certificate,Basic,8.42
"Phố số 279, Phường Khương Mai, Thanh Xuân, Hà Nội",85.1,,8.9,Đông - Nam,Tây,4,5,6,Have certificate,Basic,17.2
"Phố số 280, Phường Mỹ Đình 1, Nam Từ Liêm, Hà Nội",82.3,6.0,,Đông - Bắc,Đông - Nam,7,5,5,In waiting,Basic,15.63
"Phố số 281, Phường Thạch Thang, Hải Châu, Đà Nẵng",90.3,6.5,9.0,Nam,Nam,4,7,7,Have certificate,Basic,13.83
"Phố số 282, Phường 11, Gò Vấp, Hồ Chí Minh",71.3,4.8,1.7,Nam,Tây - Nam,1,3,3,Have certificate,Full,7.17
"Phố số 283, Phường Thảo Điền, Thủ Đức, Hồ Chí Minh",35.0,,1.5,Đông - Bắc,Bắc,4,3,3,Have certificate,Basic,7.39
"Phố số 284, Phường Bến Nghé, Quận 1, Hồ Chí Minh",70.2,2.5,8.2,Đông - Bắc,Tây,3,5,4,Have certificate,Full,24.45
"Phố số 285, Phường Hàng Bạc, Hoàn Kiếm, Hà Nội",116.4,3.6,6.5,Nam,Bắc,3,6,7,Have certificate,Unknown,41.02
"Phố số 286, Phường Bến Nghé, Quận 1, Hồ Chí Minh",130.2,3.7,3.1,Bắc,Đông - Nam,1,5,6,Have certificate,Full,31.88
"Phố số 287, Phường 25, Bình Thạnh, Hồ Chí Minh",78.3,5.0,1.5,Đông - Bắc,Tây,2,4,3,Have certificate,Full,12.09
"Phố số 288, Phường Hàng Bạc, Hoàn Kiếm, Hà Nội",82.5,4.2,,Nam,Đông - Bắc,8,6,7,Have certificate,None,38.21
"Phố số 289, Phường 11, Gò Vấp, Hồ Chí Minh",100.0,6.0,6.6,Đông,Bắc,5,6,6,In waiting,Unknown,13.39
"Phố số 290, Phường Dịch Vọng, Cầu Giấy, Hà Nội",128.5,3.7,10.5,Đông - Bắc,Nam,1,6,7,Have certificate,None,20.41
"Phố số 291, Phường Bến Nghé, Quận 1, Hồ Chí Minh",75.0,4.7,8.3,Đông - Nam,Bắc,4,4,3,Have certificate,Full,29.88
"Phố số 292, Phường Bến Nghé, Quận 1, Hồ Chí Minh",99.3,6.9,,Đông,Nam,2,6,6,Have certificate,Basic,23.41
"Phố số 293, Phường Mỹ Đình 1, Nam Từ Liêm, Hà Nội",56.5,5.4,2.8,Tây - Nam,Tây - Nam,1,3,3,Have certificate,Full,7.06
"Phố số 294, Phường Thảo Điền, Thủ Đức, Hồ Chí Minh",38.5,4.7,11.5,Đông,Nam,2,2,1,Other,None,6.34
"Phố số 295, Phường Võ Thị Sáu, Quận 3, Hồ Chí Minh",59.5,3.7,7.7,Tây - Nam,Nam,1,3,3,Have certificate,Full,10.64
"Phố số 296, Phường Hàng Bạc, Hoàn Kiếm, Hà Nội",142.0,3.7,10.6,Đông,Đông,4,8,8,Have certificate,Full,45.0
"Phố số 297, Phường Bồ Đề, Long Biên, Hà Nội",100.3,3.3,5.5,Đông - Nam,Nam,1,5,5,Have certificate,Basic,10.92
"Phố số 298, Phường Tân Phong, Quận 7, Hồ Chí Minh",40.5,3.8,12.3,Đông,Đông - Bắc,8,5,5,Have certificate,Full,10.25
"Phố số 299, Phường Dịch Vọng, Cầu Giấy, Hà Nội",102.4,6.2,8.8,Đông,Tây - Nam,2,5,6,Have certificate,Basic,19.58
"Phố số 300, Phường Bến Nghé, Quận 1, Hồ Chí Minh",42.1,4.4,4.4,Tây,Tây - Nam,5,4,4,In waiting,None,13.04
"Phố số 301, Phường Bến Nghé, Quận 1, Hồ Chí Minh",89.7,,7.4,Tây - Nam,Đông - Nam,3,5,5,Have certificate,Basic,33.2
"Phố số 302, Phường Hàng Bạc, Hoàn Kiếm, Hà Nội",46.5,8.0,6.4,Đông,Tây - Bắc,3,4,4,Have certificate,Full,17.87
"Phố số 303, Phường Hàng Bạc, Hoàn Kiếm, Hà Nội",39.2,,9.7,Unknown,Tây - Nam,3,3,3,Have certificate,None,13.98
"Phố số 304, Phường Dịch Vọng, Cầu Giấy, Hà Nội",153.0,2.5,2.2,Đông - Nam,Đông - Nam,2,8,8,In waiting,Full,25.71
"Phố số 305, Phường Khương Mai, Thanh Xuân, Hà Nội",63.6,4.0,7.4,Đông - Nam,Đông - Bắc,3,4,4,Have certificate,Full,12.37
"Phố số 306, Xã Xuân Quan, Văn Giang, Hưng Yên",99.4,5.0,9.3,Nam,Đông - Nam,2,4,3,Have certificate,Basic,12.27
"Phố số 307, Phường Hàng Bạc, Hoàn Kiếm, Hà Nội",76.5,7.9,7.6,Nam,Đông - Nam,6,8,8,Have certificate,Full,35.32
"Phố số 308, Phường 11, Gò Vấp, Hồ Chí Minh",43.9,2.8,13.6,Tây - Nam,Đông,2,2,2,Have certificate,Full,6.35
"Phố số 309, Phường Mỹ Đình 1, Nam Từ Liêm, Hà Nội",66.9,,11.0,Đông - Nam,Đông,2,2,3,Have certificate,Full,9.5
"Phố số 310, Phường 11, Gò Vấp, Hồ Chí Minh",44.1,7.3,7.5,Đông - Nam,Đông - Nam,3,2,2,In waiting,None,6.0
"Phố số 311, Phường 25, Bình Thạnh, Hồ Chí Minh",203.2,3.7,8.5,Nam,Nam,4,10,9,Have certificate,None,37.36
"Phố số 312, Phường Bến Nghé, Quận 1, Hồ Chí Minh",107.7,4.3,,Đông - Bắc,Tây - Bắc,4,7,7,Have certificate,Basic,37.47
"Phố số 313, Phường Bến Nghé, Quận 1, Hồ Chí Minh",75.8,2.9,9.3,Bắc,Nam,2,4,3,Have certificate,Full,22.87
"Phố số 314, Phường Đông Hòa, Dĩ An, Bình Dương",97.0,4.4,1.5,Tây,Đông - Nam,4,6,6,Have certificate,Full,9.12
"Phố số 315, Phường Mộ Lao, Hà Đông, Hà Nội",104.5,4.7,6.1,Đông - Nam,Unknown,5,7,6,Have certificate,Full,13.35
"Phố số 316, Phường Khương Mai, Thanh Xuân, Hà Nội",104.6,6.0,1.5,Tây - Nam,Nam,3,4,3,Have certificate,Full,17.91
"Phố số 317, Phường Thảo Điền, Thủ Đức, Hồ Chí Minh",102.5,6.8,13.3,Đông - Nam,Tây - Nam,3,6,6,Have certificate,Full,27.56
"Phố số 318, Phường Võ Thị Sáu, Quận 3, Hồ Chí Minh",98.9,3.5,7.2,Nam,Đông - Nam,3,6,6,Have certificate,Basic,24.14
"Phố số 319, Phường Võ Thị Sáu, Quận 3, Hồ Chí Minh",78.8,2.5,6.6,Tây,Đông,1,3,3,Have certificate,Basic,13.81
"Phố số 320, Phường Tân Phong, Quận 7, Hồ Chí Minh",147.5,4.8,11.5,Đông,Nam,2,7,7,Have certificate,Full,25.99
"Phố số 321, Phường Hàng Bạc, Hoàn Kiếm, Hà Nội",81.2,5.3,9.4,Đông - Nam,Tây - Bắc,4,5,5,Have certificate,Basic,36.22
"Phố số 322, Phường Khương Mai, Thanh Xuân, Hà Nội",76.9,5.2,2.4,Đông,Nam,2,4,4,Have certificate,Basic,11.27
"Phố số 323, Phường Khương Mai, Thanh Xuân, Hà Nội",81.6,4.2,7.2,Đông - Nam,Đông,3,4,4,Have certificate,Basic,13.16
"Phố số 324, Phường 11, Gò Vấp, Hồ Chí Minh",84.3,,6.0,Nam,Tây - Bắc,2,4,4,Other,Full,8.47
"Phố số 325, Phường Đông Hòa, Dĩ An, Bình Dương",35.0,,1.5,Đông,Unknown,5,3,3,Have certificate,None,3.49
"Phố số 326, Phường Bồ Đề, Long Biên, Hà Nội",48.5,5.5,,Nam,Đông - Nam,8,6,6,Have certificate,Basic,8.45
"Phố số 327, Phường Hàng Bạc, Hoàn Kiếm, Hà Nội",71.3,4.1,6.7,Tây - Bắc,Tây,6,5,5,Have certificate,Full,34.57
"Phố số 328, Phường Dịch Vọng, Cầu Giấy, Hà Nội",35.0,,7.0,Tây - Nam,Nam,3,2,2,Have certificate,Basic,6.95
"Phố số 329, Phường Thảo Điền, Thủ Đức, Hồ Chí Minh",75.8,4.5,1.5,Tây,Tây - Nam,6,6,6,Have certificate,Full,20.69
"Phố số 330, Phường Tân Phong, Quận 7, Hồ Chí Minh",83.8,7.7,12.7,Đông - Bắc,Nam,4,5,6,Have certificate,Basic,15.38
"Phố số 331, Phường Thảo Điền, Thủ Đức, Hồ Chí Minh",37.6,4.5,,Tây - Nam,Nam,2,2,2,Have certificate,Basic,6.83
"Phố số 332, Phường Bồ Đề, Long Biên, Hà Nội",54.6,4.8,,Đông,Đông - Nam,4,4,4,Have certificate,Basic,8.25
"Phố số 333, Phường Bến Nghé, Quận 1, Hồ Chí Minh",132.6,3.9,9.3,Đông - Nam,Đông,4,7,7,Have certificate,Basic,45.0
"Phố số 334, Phường Võ Thị Sáu, Quận 3, Hồ Chí Minh",97.4,6.8,4.0,Tây - Nam,Đông,8,7,7,Have certificate,Basic,36.44
"Phố số 335, Phường Bến Nghé, Quận 1, Hồ Chí Minh",94.8,8.3,9.6,Nam,Đông - Nam,1,4,4,Have certificate,Full,27.7
"Phố số 336, Phường Bến Nghé, Quận 1, Hồ Chí Minh",125.2,5.6,5.8,Đông - Nam,Đông,2,6,6,Have certificate,Full,33.19
"Phố số 337, Phường Mộ Lao, Hà Đông, Hà Nội",49.0,4.9,,Đông,Unknown,4,4,3,Have certificate,Full,6.95
"Phố số 338, Phường Khương Mai, Thanh Xuân, Hà Nội",37.6,4.9,10.1,Đông - Bắc,Đông - Bắc,1,2,2,Have certificate,Full,5.56
"Phố số 339, Phường 25, Bình Thạnh, Hồ Chí Minh",117.4,2.5,14.2,Tây - Bắc,Đông,5,7,7,Have certificate,Full,26.25
"Phố số 340, Phường Bến Nghé, Quận 1, Hồ Chí Minh",72.2,6.1,10.8,Nam,Bắc,4,4,5,Have certificate,Basic,25.86
"Phố số 341, Phường 25, Bình Thạnh, Hồ Chí Minh",48.3,5.0,11.7,Đông,Đông,2,2,3,Other,Full,7.07
"Phố số 342, Phường 25, Bình Thạnh, Hồ Chí Minh",181.0,,5.2,Bắc,Đông - Nam,4,10,10,Have certificate,Basic,33.18
"Phố số 343, Phường Võ Thị Sáu, Quận 3, Hồ Chí Minh",35.0,3.5,1.5,Nam,Đông,2,3,3,Have certificate,Basic,8.1
"Phố số 344, Phường 25, Bình Thạnh, Hồ Chí Minh",82.0,,14.2,Đông - Nam,Đông - Nam,3,5,4,Have certificate,Full,15.19
"Phố số 345, Phường Thảo Điền, Thủ Đức, Hồ Chí Minh",68.2,4.1,16.7,Nam,Đông - Bắc,2,4,4,Have certificate,Basic,13.57
"Phố số 346, Phường Dịch Vọng, Cầu Giấy, Hà Nội",62.6,6.6,14.4,Bắc,Tây - Bắc,1,3,3,Have certificate,Unknown,9.99
"Phố số 347, Phường Dịch Vọng, Cầu Giấy, Hà Nội",35.0,4.1,,Đông - Nam,Nam,2,2,1,Have certificate,Full,6.02
"Phố số 348, Phường Bến Nghé, Quận 1, Hồ Chí Minh",146.6,8.5,2.3,Nam,Nam,3,7,7,Have certificate,None,41.47
"Phố số 349, Phường Thảo Điền, Thủ Đức, Hồ Chí Minh",35.0,5.6,2.7,Đông,Nam,2,2,3,Have certificate,Basic,6.15
"Phố số 350, Phường Dịch Vọng, Cầu Giấy, Hà Nội",65.6,2.5,1.5,Tây,Nam,7,5,6,Unknown,Basic,12.3
"Phố số 351, Phường Hàng Bạc, Hoàn Kiếm, Hà Nội",60.3,4.6,,Tây - Bắc,Đông - Bắc,3,4,4,Have certificate,Full,18.9
"Phố số 352, Phường Mộ Lao, Hà Đông, Hà Nội",98.8,3.6,14.7,Đông,Tây - Nam,2,6,7,Have certificate,Basic,10.72
"Phố số 353, Phường Dịch Vọng, Cầu Giấy, Hà Nội",35.0,2.5,6.9,Tây - Bắc,Đông - Nam,3,2,2,Have certificate,Basic,6.79
"Phố số 354, Phường Võ Thị Sáu, Quận 3, Hồ Chí Minh",93.3,7.7,8.9,Đông - Nam,Tây,7,7,6,Have certificate,Basic,31.75
"Phố số 355, Phường Bến Nghé, Quận 1, Hồ Chí Minh",82.2,6.1,13.7,Đông - Nam,Đông - Nam,6,6,6,Other,None,27.5
"Phố số 356, Phường Dịch Vọng, Cầu Giấy, Hà Nội",53.2,5.8,5.7,Tây - Bắc,Unknown,1,2,2,Have certificate,Basic,9.26
"Phố số 357, Phường Bến Nghé, Quận 1, Hồ Chí Minh",91.8,5.1,16.7,Đông,Nam,4,5,5,Have certificate,Full,34.03
"Phố số 358, Phường Dịch Vọng, Cầu Giấy, Hà Nội",75.7,2.5,16.5,Đông - Nam,Tây - Nam,8,7,8,Have certificate,Full,27.23
"Phố số 359, Phường Phú Cường, Thủ Dầu Một, Bình Dương",162.7,3.9,6.9,Đông,Đông - Nam,1,7,7,Have certificate,Full,9.72
"Phố số 360, Phường Hàng Bạc, Hoàn Kiếm, Hà Nội",68.2,6.3,4.9,Tây,Nam,3,4,3,Have certificate,None,20.14
"Phố số 361, Phường Thảo Điền, Thủ Đức, Hồ Chí Minh",45.1,2.9,,Tây,Tây,3,3,3,Have certificate,Full,9.8
"Phố số 362, Phường Dịch Vọng, Cầu Giấy, Hà Nội",93.7,2.5,5.9,Bắc,Đông,2,3,3,Have certificate,Full,18.32
"Phố số 363, Phường 25, Bình Thạnh, Hồ Chí Minh",64.1,4.4,2.3,Tây - Nam,Bắc,4,4,5,Unknown,Full,10.17
"Phố số 364, Phường Hàng Bạc, Hoàn Kiếm, Hà Nội",75.0,4.5,13.3,Bắc,Đông,7,7,7,Have certificate,None,42.03
"Phố số 365, Phường Phú Cường, Thủ Dầu Một, Bình Dương",37.8,5.0,13.0,Đông,Bắc,6,4,4,Have certificate,Basic,4.07
"Phố số 366, Phường Thảo Điền, Thủ Đức, Hồ Chí Minh",99.5,6.1,8.2,Tây - Nam,Unknown,2,3,3,Have certificate,Unknown,19.09
"Phố số 367, Phường Đông Hòa, Dĩ An, Bình Dương",59.0,,1.8,Đông - Bắc,Đông,6,4,4,In waiting,Basic,5.12
"Phố số 368, Phường An Hải Bắc, Sơn Trà, Đà Nẵng",85.2,5.3,,Đông,Đông,5,6,6,Have certificate,None,10.82
"Phố số 369, Phường Tân Phong, Quận 7, Hồ Chí Minh",181.6,7.0,8.0,Đông - Nam,Tây,7,10,10,In waiting,Full,34.16
"Phố số 370, Phường Bến Nghé, Quận 1, Hồ Chí Minh",66.3,,5.3,Nam,Đông - Nam,1,2,3,Have certificate,Full,17.8
"Phố số 371, Phường Võ Thị Sáu, Quận 3, Hồ Chí Minh",105.8,5.7,6.0,Tây - Nam,Tây,1,5,6,Have certificate,Full,20.64
"Phố số 372, Phường Bến Nghé, Quận 1, Hồ Chí Minh",68.5,5.9,12.1,Đông - Nam,Tây - Nam,6,6,7,Have certificate,Basic,29.86
"Phố số 373, Phường Bến Nghé, Quận 1, Hồ Chí Minh",53.6,2.6,10.8,Đông - Nam,Đông - Bắc,2,3,3,Unknown,Basic,11.31
"Phố số 374, Phường Khương Mai, Thanh Xuân, Hà Nội",134.8,,13.7,Nam,Đông - Nam,3,8,9,Have certificate,Full,25.76
"Phố số 375, Phường Bến Nghé, Quận 1, Hồ Chí Minh",35.0,3.5,3.0,Đông - Nam,Đông - Bắc,1,1,1,Have certificate,Full,10.11
"Phố số 376, Phường 11, Gò Vấp, Hồ Chí Minh",118.4,3.6,6.0,Đông - Bắc,Nam,3,6,7,Have certificate,Basic,15.04
"Phố số 377, Phường Mộ Lao, Hà Đông, Hà Nội",35.0,6.2,10.9,Nam,Tây,2,2,3,Have certificate,Full,4.14
"Phố số 378, Phường Bến Nghé, Quận 1, Hồ Chí Minh",112.8,3.7,9.5,Đông - Nam,Đông,3,5,6,Have certificate,Basic,39.0
"Phố số 379, Phường Mỹ Đình 1, Nam Từ Liêm, Hà Nội",75.5,3.3,14.4,Đông - Bắc,Nam,2,4,5,Have certificate,Full,11.83
"Phố số 380, Phường 11, Gò Vấp, Hồ Chí Minh",45.1,3.7,9.4,Tây,Tây - Bắc,6,5,5,In waiting,Basic,7.84
"Phố số 381, Phường Võ Thị Sáu, Quận 3, Hồ Chí Minh",61.0,,15.8,Đông - Nam,Đông - Bắc,2,3,2,Other,Basic,13.31
"Phố số 382, Phường Khương Mai, Thanh Xuân, Hà Nội",103.1,4.8,9.9,Nam,Unknown,3,6,6,Have certificate,Basic,18.75
"Phố số 383, Phường Dịch Vọng, Cầu Giấy, Hà Nội",173.6,4.5,,Tây - Bắc,Nam,1,7,7,Have certificate,Full,23.2
"Phố số 384, Phường Thạch Thang, Hải Châu, Đà Nẵng",35.0,4.6,6.0,Nam,Tây - Nam,4,3,3,Have certificate,Full,5.11
"Phố số 385, Phường Bồ Đề, Long Biên, Hà Nội",46.6,7.1,,Tây - Bắc,Tây - Nam,3,3,3,Have certificate,None,4.91
"Phố số 386, Phường Mỹ Đình 1, Nam Từ Liêm, Hà Nội",36.0,3.5,11.6,Nam,Tây - Nam,6,3,3,Have certificate,Basic,7.14
"Phố số 387, Phường 11, Gò Vấp, Hồ Chí Minh",68.3,7.2,14.8,Đông - Nam,Đông - Nam,3,4,4,Have certificate,Basic,10.58
"Phố số 388, Phường Võ Thị Sáu, Quận 3, Hồ Chí Minh",114.2,5.2,10.8,Đông - Nam,Nam,2,5,6,In waiting,Basic,23.98
"Phố số 389, Phường Bồ Đề, Long Biên, Hà Nội",35.0,4.5,7.1,Đông - Nam,Bắc,2,3,3,Have certificate,Full,3.98
"Phố số 390, Phường Mỹ Đình 1, Nam Từ Liêm, Hà Nội",74.6,,13.7,Bắc,Nam,5,5,5,Have certificate,None,15.35
"Phố số 391, Phường Hoàng Văn Thụ, Hồng Bàng, Hải Phòng",112.5,2.9,,Unknown,Tây - Bắc,3,6,6,Have certificate,Basic,13.84
"Phố số 392, Phường Thảo Điền, Thủ Đức, Hồ Chí Minh",60.6,4.2,1.5,Tây - Bắc,Đông - Nam,8,5,6,Have certificate,Basic,15.72
"Phố số 393, Phường Thảo Điền, Thủ Đức, Hồ Chí Minh",35.0,2.6,,Bắc,Unknown,3,3,3,Have certificate,None,7.16
"Phố số 394, Phường Bồ Đề, Long Biên, Hà Nội",82.5,6.5,,Tây,Tây - Nam,4,6,6,Have certificate,Full,11.61
"Phố số 395, Phường 11, Gò Vấp, Hồ Chí Minh",130.2,7.8,,Tây - Nam,Đông - Bắc,3,8,9,Other,Basic,13.75
"Phố số 396, Phường Phú Cường, Thủ Dầu Một, Bình Dương",42.1,7.8,7.8,Tây,Nam,2,2,2,Have certificate,Unknown,3.24
"Phố số 397, Phường Mộ Lao, Hà Đông, Hà Nội",35.0,7.0,10.1,Đông - Nam,Bắc,4,4,4,Have certificate,Full,5.14
"Phố số 398, Phường Thảo Điền, Thủ Đức, Hồ Chí Minh",87.4,4.4,3.8,Nam,Đông,4,6,6,Have certificate,Full,21.63
"Phố số 399, Phường Bồ Đề, Long Biên, Hà Nội",88.5,4.1,10.1,Tây - Nam,Tây - Nam,6,6,6,Have certificate,Basic,15.49
"Phố số 400, Phường Bồ Đề, Long Biên, Hà Nội",58.5,2.5,12.0,Bắc,Đông - Nam,3,4,4,Have certificate,Full,8.55
"Phố số 401, Phường Võ Thị Sáu, Quận 3, Hồ Chí Minh",52.8,8.5,13.0,Tây - Nam,Tây - Nam,2,3,2,Have certificate,None,11.75
"Phố số 402, Phường An Hải Bắc, Sơn Trà, Đà Nẵng",76.3,5.6,16.6,Tây,Bắc,2,3,3,Have certificate,Full,10.47
"Phố số 403, Phường Hàng Bạc, Hoàn Kiếm, Hà Nội",41.7,3.9,8.6,Đông,Đông - Nam,4,3,3,Have certificate,Basic,12.51
"Phố số 404, Phường Mỹ Đình 1, Nam Từ Liêm, Hà Nội",41.8,7.2,8.7,Đông - Bắc,Đông - Bắc,5,3,3,Have certificate,Full,7.53
"Phố số 405, Phường 11, Gò Vấp, Hồ Chí Minh",102.8,3.0,,Unknown,Đông - Nam,1,5,5,Have certificate,Full,10.64
"Phố số 406, Phường Thạch Thang, Hải Châu, Đà Nẵng",40.2,5.5,,Đông - Nam,Bắc,1,2,3,Have certificate,None,4.02
"Phố số 407, Phường Thảo Điền, Thủ Đức, Hồ Chí Minh",35.0,4.5,6.6,Tây - Bắc,Unknown,5,4,4,Other,Basic,6.39
"Phố số 408, Phường Bến Nghé, Quận 1, Hồ Chí Minh",52.8,,12.2,Đông,Nam,4,5,6,Have certificate,Full,20.1
"Phố số 409, Phường An Hải Bắc, Sơn Trà, Đà Nẵng",59.2,,4.8,Tây - Nam,Đông - Nam,1,3,3,Have certificate,Full,5.5
"Phố số 410, Phường Bến Nghé, Quận 1, Hồ Chí Minh",93.3,2.5,11.1,Bắc,Tây - Nam,2,5,5,Have certificate,Basic,25.13
"Phố số 411, Phường 11, Gò Vấp, Hồ Chí Minh",55.1,4.9,7.5,Đông,Đông - Nam,5,4,3,Have certificate,None,8.48
"Phố số 412, Phường Đông Hòa, Dĩ An, Bình Dương",140.3,6.7,6.7,Đông,Đông,3,6,5,Have certificate,Basic,11.74
"Phố số 413, Phường Đông Hòa, Dĩ An, Bình Dương",78.2,4.7,8.6,Đông,Nam,4,5,5,Have certificate,Basic,7.11
"Phố số 414, Phường Hàng Bạc, Hoàn Kiếm, Hà Nội",49.0,6.2,5.7,Đông - Nam,Đông,2,3,3,In waiting,Full,14.28
"Phố số 415, Phường Dịch Vọng, Cầu Giấy, Hà Nội",91.4,,5.6,Đông,Đông - Nam,5,6,6,Have certificate,None,19.71
"Phố số 416, Phường 25, Bình Thạnh, Hồ Chí Minh",139.2,4.8,1.5,Nam,Đông - Nam,6,8,8,Have certificate,Basic,30.4
"Phố số 417, Phường 11, Gò Vấp, Hồ Chí Minh",101.5,,6.4,Tây - Bắc,Đông - Nam,1,5,6,Have certificate,Basic,11.41
"Phố số 418, Phường 11, Gò Vấp, Hồ Chí Minh",35.0,6.1,5.3,Đông - Nam,Tây - Nam,4,2,3,Have certificate,Basic,4.98
"Phố số 419, Phường Khương Mai, Thanh Xuân, Hà Nội",61.8,4.9,5.2,Đông,Đông,4,4,3,In waiting,Basic,9.54
"Phố số 420, Phường Bồ Đề, Long Biên, Hà Nội",84.6,,9.4,Tây - Bắc,Đông - Nam,4,5,5,Have certificate,None,11.4
"Phố số 421, Phường Mỹ Đình 1, Nam Từ Liêm, Hà Nội",99.6,6.8,10.5,Bắc,Tây - Nam,6,7,7,Have certificate,Basic,22.25
"Phố số 422, Phường Mỹ Đình 1, Nam Từ Liêm, Hà Nội",68.5,6.0,,Đông - Bắc,Bắc,3,3,3,Have certificate,None,9.58
"Phố số 423, Phường Bến Nghé, Quận 1, Hồ Chí Minh",63.8,5.3,12.0,Tây - Nam,Nam,3,4,4,Have certificate,Basic,21.1
"Phố số 424, Phường 25, Bình Thạnh, Hồ Chí Minh",162.2,3.0,10.1,Nam,Tây,5,9,10,Have certificate,Basic,35.63
"Phố số 425, Phường Bến Nghé, Quận 1, Hồ Chí Minh",102.2,4.8,6.2,Nam,Tây - Nam,2,4,5,Have certificate,None,31.5
"Phố số 426, Phường Hàng Bạc, Hoàn Kiếm, Hà Nội",91.6,3.8,5.4,Đông - Nam,Đông - Nam,1,5,5,Have certificate,Full,25.43
"Phố số 427, Phường 25, Bình Thạnh, Hồ Chí Minh",56.3,4.2,8.9,Tây,Nam,2,3,3,Other,Full,8.15
"Phố số 428, Phường Thạch Thang, Hải Châu, Đà Nẵng",41.4,4.1,10.1,Nam,Đông,4,3,3,Have certificate,Basic,6.26
"Phố số 429, Phường Thảo Điền, Thủ Đức, Hồ Chí Minh",92.3,3.0,13.8,Tây - Nam,Đông - Bắc,3,6,6,Have certificate,None,20.33
"Phố số 430, Phường Võ Thị Sáu, Quận 3, Hồ Chí Minh",107.4,2.5,12.9,Nam,Nam,1,6,6,In waiting,Full,20.85
"Phố số 431, Phường Võ Thị Sáu, Quận 3, Hồ Chí Minh",74.8,3.6,5.1,Đông,Unknown,5,5,5,Have certificate,Full,24.91
"Phố số 432, Phường Bồ Đề, Long Biên, Hà Nội",102.4,5.1,,Tây - Nam,Tây - Nam,1,5,5,Have certificate,Full,10.69
"Phố số 433, Phường Dịch Vọng, Cầu Giấy, Hà Nội",103.6,2.5,,Tây,Nam,5,7,8,Have certificate,Full,27.15
"Phố số 434, Phường Võ Thị Sáu, Quận 3, Hồ Chí Minh",110.7,4.8,,Đông - Nam,Đông - Nam,2,6,6,Have certificate,Full,27.67
"Phố số 435, Phường Bến Nghé, Quận 1, Hồ Chí Minh",35.0,,11.7,Nam,Đông - Nam,1,2,2,Have certificate,Basic,9.63
"Phố số 436, Phường Khương Mai, Thanh Xuân, Hà Nội",62.6,6.6,7.2,Đông - Nam,Đông,4,4,5,Have certificate,None,10.17
"Phố số 437, Phường Bến Nghé, Quận 1, Hồ Chí Minh",94.9,7.8,1.9,Đông - Nam,Đông,2,4,4,Have certificate,Basic,28.92
"Phố số 438, Phường Mỹ Đình 1, Nam Từ Liêm, Hà Nội",76.8,5.5,3.0,Tây - Nam,Đông - Bắc,3,3,2,Have certificate,Full,10.78
"Phố số 439, Phường Khương Mai, Thanh Xuân, Hà Nội",103.7,6.9,8.7,Đông - Nam,Đông - Bắc,2,5,6,Have certificate,None,16.03
"Phố số 440, Phường Bến Nghé, Quận 1, Hồ Chí Minh",91.6,3.5,9.0,Đông - Nam,Đông - Nam,2,4,5,Have certificate,Basic,22.8
"Phố số 441, Phường Bến Nghé, Quận 1, Hồ Chí Minh",35.0,,2.6,Bắc,Tây - Nam,2,2,2,Have certificate,Full,10.94
"Phố số 442, Xã Xuân Quan, Văn Giang, Hưng Yên",123.0,2.5,7.7,Đông,Đông - Nam,5,8,7,Have certificate,Full,14.8
"Phố số 443, Phường Thảo Điền, Thủ Đức, Hồ Chí Minh",58.7,6.9,10.3,Đông - Nam,Nam,1,3,3,Have certificate,Basic,10.29
"Phố số 444, Phường Thảo Điền, Thủ Đức, Hồ Chí Minh",47.6,7.6,2.3,Đông - Nam,Đông - Bắc,3,3,2,Have certificate,Basic,8.66
"Phố số 445, Phường Mỹ Đình 1, Nam Từ Liêm, Hà Nội",121.1,3.8,,Đông - Nam,Nam,5,6,6,Unknown,Basic,18.41
"Phố số 446, Phường Phú Cường, Thủ Dầu Một, Bình Dương",100.0,4.3,5.8,Đông,Tây,5,6,6,Have certificate,Full,9.05
"Phố số 447, Xã Xuân Quan, Văn Giang, Hưng Yên",128.9,3.4,13.2,Tây - Nam,Unknown,2,7,8,Have certificate,None,14.39
"Phố số 448, Phường Bồ Đề, Long Biên, Hà Nội",85.0,5.5,,Tây - Nam,Tây - Nam,5,5,5,Have certificate,Full,13.11
"Phố số 449, Phường Thảo Điền, Thủ Đức, Hồ Chí Minh",62.2,6.8,2.9,Đông - Nam,Đông - Nam,2,3,4,Have certificate,Basic,9.97
"Phố số 450, Phường Bến Nghé, Quận 1, Hồ Chí Minh",80.4,2.5,5.4,Tây - Nam,Nam,4,5,5,Have certificate,Basic,29.13
"Phố số 451, Phường Bồ Đề, Long Biên, Hà Nội",43.2,5.5,,Đông,Đông - Nam,3,2,2,Have certificate,Full,5.46
"Phố số 452, Phường Hàng Bạc, Hoàn Kiếm, Hà Nội",35.5,4.3,5.8,Đông,Tây - Nam,7,5,6,Have certificate,Full,20.21
"Phố số 453, Phường Thảo Điền, Thủ Đức, Hồ Chí Minh",54.2,,6.5,Tây,Tây,3,3,3,Have certificate,Full,12.62
"Phố số 454, Phường An Hải Bắc, Sơn Trà, Đà Nẵng",146.6,5.6,,Nam,Tây - Nam,7,9,9,Have certificate,Full,20.14
"Phố số 455, Phường Võ Thị Sáu, Quận 3, Hồ Chí Minh",57.0,4.5,6.7,Đông - Nam,Đông - Bắc,6,5,5,Unknown,Full,15.75
"Phố số 456, Phường 25, Bình Thạnh, Hồ Chí Minh",35.0,,7.2,Bắc,Đông - Bắc,7,5,5,Have certificate,Basic,8.14
"Phố số 457, Phường Bến Nghé, Quận 1, Hồ Chí Minh",69.4,4.4,1.5,Đông - Nam,Tây,3,5,4,Have certificate,Basic,21.23
"Phố số 458, Phường 25, Bình Thạnh, Hồ Chí Minh",56.6,6.5,9.3,Nam,Nam,4,4,4,Have certificate,Basic,11.57
"Phố số 459, Phường Bến Nghé, Quận 1, Hồ Chí Minh",124.0,,7.1,Đông - Bắc,Bắc,4,8,8,Other,Basic,32.79
"Phố số 460, Phường Võ Thị Sáu, Quận 3, Hồ Chí Minh",141.8,5.2,14.7,Đông - Bắc,Tây - Nam,2,7,7,Have certificate,None,37.48
"Phố số 461, Phường Võ Thị Sáu, Quận 3, Hồ Chí Minh",60.8,2.5,3.3,Tây,Nam,8,7,6,Have certificate,None,21.65
"Phố số 462, Phường Dịch Vọng, Cầu Giấy, Hà Nội",85.0,4.1,1.5,Đông - Nam,Unknown,2,5,5,Have certificate,Full,15.57
"Phố số 463, Phường Bồ Đề, Long Biên, Hà Nội",88.4,6.4,10.3,Nam,Tây - Bắc,1,4,4,In waiting,Basic,8.73
"Phố số 464, Phường Dịch Vọng, Cầu Giấy, Hà Nội",73.2,4.9,9.1,Đông - Nam,Đông,3,4,3,Have certificate,Full,16.77
"Phố số 465, Phường Đông Hòa, Dĩ An, Bình Dương",66.8,6.0,3.0,Đông,Tây,3,3,3,Have certificate,Full,5.22
"Phố số 466, Phường Thảo Điền, Thủ Đức, Hồ Chí Minh",45.9,8.0,1.5,Nam,Nam,3,2,3,Have certificate,Basic,9.15
"Phố số 467, Phường 11, Gò Vấp, Hồ Chí Minh",35.0,,14.4,Đông - Bắc,Nam,2,2,1,In waiting,Basic,4.48
"Phố số 468, Phường Mộ Lao, Hà Đông, Hà Nội",45.8,5.0,13.9,Đông - Nam,Đông - Nam,3,4,4,Have certificate,Basic,6.61
"Phố số 469, Phường Tân Phong, Quận 7, Hồ Chí Minh",72.0,3.9,1.5,Đông - Nam,Đông,4,4,4,Unknown,Full,10.6
"Phố số 470, Phường Đông Hòa, Dĩ An, Bình Dương",35.0,2.5,5.4,Đông,Đông,1,1,1,Have certificate,Full,2.29
"Phố số 471, Phường Bến Nghé, Quận 1, Hồ Chí Minh",82.9,4.5,15.0,Tây - Bắc,Đông - Nam,1,4,3,Have certificate,None,26.02
"Phố số 472, Phường Đông Hòa, Dĩ An, Bình Dương",77.6,4.2,5.4,Bắc,Tây - Nam,3,4,4,Have certificate,Full,7.74
"Phố số 473, Phường Bến Nghé, Quận 1, Hồ Chí Minh",56.7,5.5,5.3,Unknown,Đông - Nam,4,5,5,Have certificate,Full,18.52
"Phố số 474, Phường Thạch Thang, Hải Châu, Đà Nẵng",65.5,,6.2,Đông,Đông - Nam,3,4,3,Have certificate,Full,8.48
"Phố số 475, Phường Hàng Bạc, Hoàn Kiếm, Hà Nội",36.7,,2.5,Đông - Nam,Nam,1,2,3,In waiting,Unknown,8.76
"Phố số 476, Phường Hoàng Văn Thụ, Hồng Bàng, Hải Phòng",109.8,,1.5,Nam,Nam,7,7,7,Have certificate,Full,16.77
"Phố số 477, Phường Bến Nghé, Quận 1, Hồ Chí Minh",108.9,3.1,12.2,Đông - Bắc,Nam,6,7,7,Have certificate,Basic,45.0
"Phố số 478, Phường Hàng Bạc, Hoàn Kiếm, Hà Nội",40.2,5.7,1.5,Đông - Nam,Nam,1,3,3,Have certificate,Basic,10.79
"Phố số 479, Phường Đông Hòa, Dĩ An, Bình Dương",40.9,,8.6,Nam,Nam,3,3,4,Have certificate,Basic,3.93
"Phố số 480, Phường Hàng Bạc, Hoàn Kiếm, Hà Nội",46.1,4.6,11.5,Đông - Nam,Đông - Nam,2,4,4,Have certificate,None,15.61
"Phố số 481, Phường Dịch Vọng, Cầu Giấy, Hà Nội",97.1,5.4,1.5,Đông,Nam,4,5,5,Have certificate,Basic,16.35
"Phố số 482, Phường Khương Mai, Thanh Xuân, Hà Nội",88.2,6.5,3.3,Đông - Nam,Bắc,4,4,4,Have certificate,Unknown,15.36
"Phố số 483, Phường 25, Bình Thạnh, Hồ Chí Minh",120.4,3.3,13.0,Đông - Nam,Đông - Nam,2,5,4,Have certificate,Basic,22.07
"Phố số 484, Phường Dịch Vọng, Cầu Giấy, Hà Nội",126.7,5.5,9.9,Đông,Tây - Nam,3,7,6,Have certificate,Full,27.39
"Phố số 485, Phường Dịch Vọng, Cầu Giấy, Hà Nội",35.0,,4.7,Nam,Đông - Nam,4,4,3,Have certificate,Full,7.84
"Phố số 486, Phường An Hải Bắc, Sơn Trà, Đà Nẵng",95.5,6.4,12.9,Đông,Nam,4,5,5,Have certificate,None,11.74
"Phố số 487, Phường Bến Nghé, Quận 1, Hồ Chí Minh",124.4,5.1,12.9,Đông - Bắc,Nam,3,7,6,Have certificate,Basic,40.12
"Phố số 488, Phường 11, Gò Vấp, Hồ Chí Minh",63.4,5.3,8.7,Đông - Nam,Tây - Bắc,2,4,5,Have certificate,Basic,9.47
"Phố số 489, Phường Đông Hòa, Dĩ An, Bình Dương",74.1,3.4,3.4,Tây,Nam,5,5,6,Have certificate,Basic,6.7
"Phố số 490, Phường Thạch Thang, Hải Châu, Đà Nẵng",68.8,,5.6,Đông - Nam,Tây - Nam,6,4,3,Have certificate,Basic,11.94
"Phố số 491, Phường 25, Bình Thạnh, Hồ Chí Minh",70.3,8.6,8.8,Đông,Tây - Nam,3,3,3,Have certificate,Full,13.85
"Phố số 492, Phường Dịch Vọng, Cầu Giấy, Hà Nội",109.6,3.0,6.7,Tây - Nam,Đông - Nam,3,5,4,Have certificate,Full,21.94
"Phố số 493, Phường 11, Gò Vấp, Hồ Chí Minh",159.4,4.2,,Tây - Bắc,Tây - Bắc,3,8,7,In waiting,Basic,16.5
"Phố số 494, Phường Tân Phong, Quận 7, Hồ Chí Minh",138.1,5.2,1.5,Tây - Nam,Nam,4,7,7,Have certificate,Full,22.71
"Phố số 495, Phường 25, Bình Thạnh, Hồ Chí Minh",58.0,6.2,1.5,Đông - Nam,Đông - Nam,2,4,4,Have certificate,Full,9.12
"Phố số 496, Phường Thảo Điền, Thủ Đức, Hồ Chí Minh",85.1,3.8,8.3,Đông,Nam,4,4,5,Have certificate,Basic,20.74
"Phố số 497, Phường Dịch Vọng, Cầu Giấy, Hà Nội",49.7,2.5,5.3,Nam,Nam,2,2,2,Have certificate,Full,10.47
"Phố số 498, Phường Bến Nghé, Quận 1, Hồ Chí Minh",52.4,7.2,4.7,Đông,Đông - Nam,3,2,2,Have certificate,Full,15.84
"Phố số 499, Xã Xuân Quan, Văn Giang, Hưng Yên",72.6,6.2,1.5,Đông - Nam,Tây - Nam,4,4,4,Have certificate,None,7.64
"Phố số 500, Xã Xuân Quan, Văn Giang, Hưng Yên",51.7,,7.6,Đông,Nam,4,4,3,Have certificate,Basic,6.95
"Phố số 501, Phường Khương Mai, Thanh Xuân, Hà Nội",55.6,,7.3,Đông - Nam,Tây - Nam,5,5,6,Have certificate,Full,9.9
"Phố số 502, Phường Hàng Bạc, Hoàn Kiếm, Hà Nội",84.1,,10.4,Đông - Bắc,Đông - Nam,2,4,3,Have certificate,None,25.9
"Phố số 503, Phường 11, Gò Vấp, Hồ Chí Minh",94.9,7.4,7.8,Tây - Nam,Unknown,3,6,7,Have certificate,Basic,12.81
"Phố số 504, Phường Mỹ Đình 1, Nam Từ Liêm, Hà Nội",93.7,6.5,6.9,Đông - Nam,Đông - Nam,2,5,4,Have certificate,Full,13.21
"Phố số 505, Phường Khương Mai, Thanh Xuân, Hà Nội",94.2,4.5,12.8,Bắc,Tây - Nam,4,6,6,Have certificate,Full,18.38
"Phố số 506, Phường Võ Thị Sáu, Quận 3, Hồ Chí Minh",38.1,4.9,1.6,Tây - Nam,Đông - Bắc,1,1,2,Other,Full,5.3
"Phố số 507, Phường An Hải Bắc, Sơn Trà, Đà Nẵng",50.3,,9.9,Nam,Đông - Nam,3,4,3,Have certificate,None,5.96
"Phố số 508, Phường Mỹ Đình 1, Nam Từ Liêm, Hà Nội",76.4,6.8,1.5,Đông - Nam,Đông - Nam,4,6,6,Have certificate,Basic,12.77
"Phố số 509, Phường Phú Cường, Thủ Dầu Một, Bình Dương",121.7,3.2,3.7,Tây - Nam,Đông - Nam,1,5,5,Have certificate,Basic,6.33
"Phố số 510, Phường Khương Mai, Thanh Xuân, Hà Nội",199.7,3.3,2.0,Nam,Đông - Nam,6,10,9,Have certificate,None,39.55
"Phố số 511, Phường Dịch Vọng, Cầu Giấy, Hà Nội",86.7,,11.0,Bắc,Đông - Nam,3,5,5,Have certificate,Full,18.91
"Phố số 512, Phường Thảo Điền, Thủ Đức, Hồ Chí Minh",104.8,,7.2,Đông - Nam,Tây - Nam,2,5,4,Have certificate,Full,22.17
"Phố số 513, Phường Phú Cường, Thủ Dầu Một, Bình Dương",35.8,7.3,7.4,Đông - Nam,Nam,2,3,3,Have certificate,Full,2.73
"Phố số 514, Phường Mộ Lao, Hà Đông, Hà Nội",103.4,3.6,,Tây - Bắc,Đông,2,5,4,Have certificate,Full,9.86
"Phố số 515, Phường Bến Nghé, Quận 1, Hồ Chí Minh",174.6,4.7,6.2,Tây - Bắc,Đông - Nam,3,9,10,In waiting,Basic,45.0
"Phố số 516, Phường Bến Nghé, Quận 1, Hồ Chí Minh",50.2,3.1,4.1,Đông - Nam,Tây,4,4,3,Unknown,Basic,12.84
"Phố số 517, Phường Thảo Điền, Thủ Đức, Hồ Chí Minh",56.6,4.8,9.2,Đông - Bắc,Đông - Nam,6,5,4,Have certificate,Full,13.34
"Phố số 518, Phường Mỹ Đình 1, Nam Từ Liêm, Hà Nội",111.2,2.5,3.0,Nam,Nam,3,6,6,Have certificate,Full,16.68
"Phố số 519, Xã Xuân Quan, Văn Giang, Hưng Yên",75.9,3.9,13.5,Đông - Bắc,Đông - Nam,4,4,4,Have certificate,Full,9.48
"Phố số 520, Phường Võ Thị Sáu, Quận 3, Hồ Chí Minh",35.0,,1.5,Bắc,Đông - Nam,1,2,2,Have certificate,Unknown,6.97
"Phố số 521, Phường Dịch Vọng, Cầu Giấy, Hà Nội",58.3,6.0,3.9,Đông - Nam,Tây - Nam,2,4,3,In waiting,Basic,8.6
"Phố số 522, Phường Thảo Điền, Thủ Đức, Hồ Chí Minh",141.5,6.1,,Nam,Tây - Nam,4,7,7,Have certificate,Basic,31.37
"Phố số 523, Phường Đông Hòa, Dĩ An, Bình Dương",65.2,2.5,5.5,Đông - Nam,Tây - Nam,2,3,3,Have certificate,Full,5.37
"Phố số 524, Phường Mộ Lao, Hà Đông, Hà Nội",65.2,7.2,,Đông - Nam,Đông,2,3,3,Have certificate,Full,7.1
"Phố số 525, Phường Mộ Lao, Hà Đông, Hà Nội",107.9,9.3,8.5,Đông - Nam,Tây - Bắc,3,5,4,Have certificate,Full,13.3
"Phố số 526, Phường 25, Bình Thạnh, Hồ Chí Minh",88.2,4.9,5.4,Tây,Đông,1,4,4,Have certificate,Unknown,12.4
"Phố số 527, Phường Thảo Điền, Thủ Đức, Hồ Chí Minh",63.5,3.6,3.7,Nam,Nam,3,5,5,In waiting,Basic,11.24
"Phố số 528, Phường 11, Gò Vấp, Hồ Chí Minh",54.7,9.9,2.6,Đông,Đông - Nam,4,4,4,Have certificate,Basic,6.9
"Phố số 529, Phường Bến Nghé, Quận 1, Hồ Chí Minh",243.9,,20.0,Tây,Đông - Nam,4,10,9,Have certificate,Basic,45.0
"Phố số 530, Phường Mộ Lao, Hà Đông, Hà Nội",130.7,4.8,6.4,Đông,Đông,6,8,8,Have certificate,Basic,20.05
"Phố số 531, Phường Mỹ Đình 1, Nam Từ Liêm, Hà Nội",94.1,5.1,1.5,Đông,Nam,3,5,5,Have certificate,Full,13.56
"Phố số 532, Phường Hoàng Văn Thụ, Hồng Bàng, Hải Phòng",97.0,,,Đông - Nam,Đông,3,4,5,Have certificate,Full,11.71
"Phố số 533, Phường Hoàng Văn Thụ, Hồng Bàng, Hải Phòng",70.5,5.4,10.2,Tây - Nam,Đông - Nam,2,4,3,Have certificate,Basic,8.07
"Phố số 534, Phường Hàng Bạc, Hoàn Kiếm, Hà Nội",87.7,3.9,4.1,Đông - Nam,Tây,1,4,4,In waiting,Full,24.82
"Phố số 535, Phường Bồ Đề, Long Biên, Hà Nội",66.9,3.1,,Đông - Bắc,Unknown,3,4,3,Have certificate,Full,7.92
"Phố số 536, Phường Phú Cường, Thủ Dầu Một, Bình Dương",47.9,4.2,10.5,Nam,Nam,5,4,4,In waiting,Basic,3.43
"Phố số 537, Phường Mộ Lao, Hà Đông, Hà Nội",89.3,3.0,6.4,Đông - Bắc,Tây,3,5,5,Have certificate,None,10.26
"Phố số 538, Phường Tân Phong, Quận 7, Hồ Chí Minh",64.1,4.9,1.5,Tây - Nam,Bắc,4,4,5,Other,None,8.45
"Phố số 539, Phường 25, Bình Thạnh, Hồ Chí Minh",91.5,3.8,15.5,Tây - Nam,Unknown,4,5,4,Have certificate,Full,17.59
"Phố số 540, Phường Võ Thị Sáu, Quận 3, Hồ Chí Minh",99.6,2.5,5.5,Nam,Nam,5,6,6,Have certificate,Full,32.13
"Phố số 541, Phường Đông Hòa, Dĩ An, Bình Dương",93.8,7.1,14.2,Nam,Đông - Bắc,3,6,6,Unknown,Basic,6.37
"Phố số 542, Phường Dịch Vọng, Cầu Giấy, Hà Nội",45.9,,,Bắc,Đông - Nam,2,2,3,Have certificate,None,7.97
"Phố số 543, Phường Tân Phong, Quận 7, Hồ Chí Minh",60.7,2.5,3.0,Đông - Nam,Tây - Nam,5,4,4,In waiting,Unknown,9.02
"Phố số 544, Phường Khương Mai, Thanh Xuân, Hà Nội",64.7,4.5,12.1,Đông - Nam,Đông - Bắc,1,3,2,Have certificate,None,8.15
"Phố số 545, Phường Dịch Vọng, Cầu Giấy, Hà Nội",116.9,4.9,4.6,Tây - Nam,Đông - Bắc,3,7,8,In waiting,Basic,17.21
"Phố số 546, Phường Thảo Điền, Thủ Đức, Hồ Chí Minh",114.1,2.5,1.5,Tây,Đông - Nam,4,7,6,Have certificate,Full,30.3
"Phố số 547, Phường Võ Thị Sáu, Quận 3, Hồ Chí Minh",51.8,5.4,5.6,Nam,Tây,5,4,4,Have certificate,Full,19.26
"Phố số 548, Phường Khương Mai, Thanh Xuân, Hà Nội",37.6,2.9,9.3,Tây - Nam,Nam,1,2,3,Have certificate,Full,4.9
"Phố số 549, Phường Hàng Bạc, Hoàn Kiếm, Hà Nội",204.2,7.9,5.4,Tây - Nam,Đông - Nam,4,10,9,Have certificate,Basic,45.0
"Phố số 550, Phường Bồ Đề, Long Biên, Hà Nội",92.1,,6.1,Đông - Nam,Đông,8,7,7,In waiting,Full,16.02
"Phố số 551, Phường Hàng Bạc, Hoàn Kiếm, Hà Nội",35.0,4.1,12.6,Tây - Nam,Tây,3,3,4,Have certificate,Basic,12.99
"Phố số 552, Phường Mộ Lao, Hà Đông, Hà Nội",56.1,3.5,8.0,Tây,Tây - Bắc,4,3,4,In waiting,Basic,6.45
"Phố số 553, Phường Hàng Bạc, Hoàn Kiếm, Hà Nội",119.1,4.6,3.7,Unknown,Đông - Bắc,1,5,5,Have certificate,Full,34.89
"Phố số 554, Phường Hàng Bạc, Hoàn Kiếm, Hà Nội",180.9,5.9,10.7,Đông - Nam,Đông - Nam,4,9,9,Other,None,45.0
"Phố số 555, Phường Thạch Thang, Hải Châu, Đà Nẵng",166.9,4.8,8.4,Tây - Nam,Đông - Nam,2,8,8,Have certificate,Basic,21.78
"Phố số 556, Phường Thảo Điền, Thủ Đức, Hồ Chí Minh",90.2,4.4,1.5,Đông,Đông - Nam,5,6,6,Have certificate,None,19.77
"Phố số 557, Phường Võ Thị Sáu, Quận 3, Hồ Chí Minh",75.1,,9.4,Đông - Nam,Đông - Nam,2,4,4,Have certificate,None,18.2
"Phố số 558, Phường Bến Nghé, Quận 1, Hồ Chí Minh",43.6,3.7,9.3,Tây - Nam,Nam,2,2,3,Unknown,Full,9.26
"Phố số 559, Phường Bồ Đề, Long Biên, Hà Nội",78.2,4.2,7.6,Đông - Nam,Nam,3,5,4,Have certificate,Full,10.69
"Phố số 560, Phường Dịch Vọng, Cầu Giấy, Hà Nội",46.7,2.5,11.5,Nam,Đông - Nam,3,2,1,Have certificate,Full,10.17
"Phố số 561, Phường Khương Mai, Thanh Xuân, Hà Nội",61.0,,4.5,Nam,Bắc,4,4,4,Have certificate,Basic,11.35
"Phố số 562, Phường Tân Phong, Quận 7, Hồ Chí Minh",111.2,5.3,9.0,Nam,Tây - Nam,2,5,6,Have certificate,Basic,16.93
"Phố số 563, Phường Võ Thị Sáu, Quận 3, Hồ Chí Minh",66.7,3.4,1.5,Đông,Đông - Bắc,2,5,5,In waiting,None,12.28
"Phố số 564, Phường Bến Nghé, Quận 1, Hồ Chí Minh",64.5,8.2,,Nam,Nam,8,6,7,Have certificate,Full,30.7
"Phố số 565, Phường Thảo Điền, Thủ Đức, Hồ Chí Minh",73.2,5.0,,Tây - Nam,Nam,4,5,6,Have certificate,Basic,15.57
"Phố số 566, Phường Dịch Vọng, Cầu Giấy, Hà Nội",218.4,,,Nam,Nam,6,10,10,Other,Unknown,44.53
"Phố số 567, Phường Thảo Điền, Thủ Đức, Hồ Chí Minh",41.1,6.3,4.1,Tây - Nam,Nam,4,4,5,Have certificate,Basic,9.54
"Phố số 568, Phường 25, Bình Thạnh, Hồ Chí Minh",85.8,,,Bắc,Tây - Nam,1,4,5,In waiting,Full,10.14
"Phố số 569, Phường An Hải Bắc, Sơn Trà, Đà Nẵng",159.9,5.5,8.1,Nam,Đông,6,8,9,Have certificate,Basic,22.48
"Phố số 570, Phường 11, Gò Vấp, Hồ Chí Minh",73.1,4.0,2.7,Đông,Tây,5,5,5,Unknown,Full,10.09
"Phố số 571, Phường Hàng Bạc, Hoàn Kiếm, Hà Nội",129.5,5.6,9.4,Tây - Nam,Bắc,8,7,6,Have certificate,Full,45.0
"Phố số 572, Phường Mỹ Đình 1, Nam Từ Liêm, Hà Nội",36.2,,11.3,Tây - Nam,Đông,2,3,2,Have certificate,Full,5.28
"Phố số 573, Phường Thảo Điền, Thủ Đức, Hồ Chí Minh",67.8,5.8,9.9,Nam,Đông - Nam,2,5,4,Have certificate,Full,13.23
"Phố số 574, Phường Dịch Vọng, Cầu Giấy, Hà Nội",49.3,2.5,1.5,Tây - Nam,Tây - Bắc,5,4,3,Have certificate,Basic,10.39
"Phố số 575, Phường Mộ Lao, Hà Đông, Hà Nội",72.7,4.0,12.0,Đông - Nam,Đông - Bắc,5,5,4,Have certificate,Full,11.39
"Phố số 576, Phường Phú Cường, Thủ Dầu Một, Bình Dương",73.4,7.9,,Nam,Tây - Nam,7,5,6,Have certificate,Basic,7.57
"Phố số 577, Phường Võ Thị Sáu, Quận 3, Hồ Chí Minh",77.2,3.4,11.2,Đông,Đông - Bắc,5,5,5,Have certificate,Full,28.7
"Phố số 578, Phường An Hải Bắc, Sơn Trà, Đà Nẵng",110.7,3.7,9.2,Đông - Nam,Đông - Nam,3,6,6,Have certificate,Full,12.28
"Phố số 579, Phường 25, Bình Thạnh, Hồ Chí Minh",35.0,4.0,8.5,Đông,Đông - Nam,6,3,3,Unknown,Full,6.93
"Phố số 580, Phường Tân Phong, Quận 7, Hồ Chí Minh",54.8,2.6,12.1,Tây - Nam,Đông - Nam,2,3,3,Have certificate,Full,8.57
"Phố số 581, Phường 25, Bình Thạnh, Hồ Chí Minh",83.0,2.5,16.2,Đông - Bắc,Đông - Nam,3,5,4,Have certificate,Full,16.8
"Phố số 582, Xã Xuân Quan, Văn Giang, Hưng Yên",35.0,4.4,3.2,Đông - Nam,Nam,3,3,4,Have certificate,Basic,3.85
"Phố số 583, Phường 25, Bình Thạnh, Hồ Chí Minh",100.2,5.0,,Unknown,Đông - Nam,2,5,5,Have certificate,Unknown,15.3
"Phố số 584, Phường 11, Gò Vấp, Hồ Chí Minh",54.3,4.7,7.1,Tây - Nam,Tây,2,3,3,Have certificate,Full,7.09
"Phố số 585, Phường Dịch Vọng, Cầu Giấy, Hà Nội",68.4,4.5,,Nam,Đông,1,3,3,Unknown,Full,7.02
"Phố số 586, Phường Tân Phong, Quận 7, Hồ Chí Minh",113.0,4.9,1.5,Nam,Nam,2,5,5,In waiting,Full,13.36
"Phố số 587, Phường Bến Nghé, Quận 1, Hồ Chí Minh",132.3,6.6,6.2,Tây - Nam,Đông - Nam,2,6,7,Have certificate,None,39.87
"Phố số 588, Phường Võ Thị Sáu, Quận 3, Hồ Chí Minh",101.6,4.5,3.0,Bắc,Tây - Nam,1,5,4,Have certificate,Basic,21.56
"Phố số 589, Phường Võ Thị Sáu, Quận 3, Hồ Chí Minh",40.5,3.8,5.4,Đông,Đông - Nam,2,2,3,Have certificate,Basic,9.71
"Phố số 590, Phường Võ Thị Sáu, Quận 3, Hồ Chí Minh",99.2,4.3,2.6,Tây - Nam,Đông - Bắc,8,6,5,Have certificate,Full,40.53
"Phố số 591, Phường Võ Thị Sáu, Quận 3, Hồ Chí Minh",102.3,5.8,5.5,Nam,Tây,5,7,7,Have certificate,Full,34.18
"Phố số 592, Phường Dịch Vọng, Cầu Giấy, Hà Nội",93.1,,5.7,Nam,Đông,3,4,5,Have certificate,Full,20.84
"Phố số 593, Phường Tân Phong, Quận 7, Hồ Chí Minh",142.2,3.7,7.9,Nam,Đông - Nam,5,8,9,Have certificate,None,23.46
"Phố số 594, Phường 11, Gò Vấp, Hồ Chí Minh",78.1,5.0,1.5,Đông - Bắc,Đông - Bắc,3,5,5,Other,Full,8.27
"Phố số 595, Phường Thạch Thang, Hải Châu, Đà Nẵng",139.7,,1.5,Nam,Nam,4,7,6,Have certificate,Basic,18.26
"Phố số 596, Phường 25, Bình Thạnh, Hồ Chí Minh",139.3,3.0,,Đông - Nam,Đông - Nam,4,8,8,Have certificate,Basic,24.66
"Phố số 597, Phường Khương Mai, Thanh Xuân, Hà Nội",103.7,4.8,3.9,Nam,Đông,2,5,4,In waiting,Basic,12.27
"Phố số 598, Phường Võ Thị Sáu, Quận 3, Hồ Chí Minh",86.4,2.5,12.3,Bắc,Bắc,7,8,8,Have certificate,Full,34.97
"Phố số 599, Phường Tân Phong, Quận 7, Hồ Chí Minh",93.3,2.5,,Đông - Bắc,Nam,3,5,5,Have certificate,Basic,11.87
"Phố số 600, Phường Bến Nghé, Quận 1, Hồ Chí Minh",156.4,5.5,,Nam,Bắc,3,8,8,Have certificate,Full,45.0
"Phố số 601, Phường Võ Thị Sáu, Quận 3, Hồ Chí Minh",121.7,4.1,13.8,Bắc,Đông - Nam,5,6,5,Have certificate,Unknown,36.95
"Phố số 602, Phường 11, Gò Vấp, Hồ Chí Minh",43.1,5.2,6.1,Đông - Nam,Đông - Nam,2,3,3,Have certificate,Full,4.49
"Phố số 603, Phường Võ Thị Sáu, Quận 3, Hồ Chí Minh",90.6,4.8,4.9,Đông - Nam,Tây - Nam,2,4,5,Have certificate,Full,21.33
"Phố số 604, Phường Bến Nghé, Quận 1, Hồ Chí Minh",48.0,3.0,11.4,Đông - Nam,Đông - Nam,2,2,2,Have certificate,Full,16.97
"Phố số 605, Phường Võ Thị Sáu, Quận 3, Hồ Chí Minh",53.5,4.7,9.8,Đông - Nam,Nam,4,3,3,Have certificate,None,12.69
"Phố số 606, Phường 25, Bình Thạnh, Hồ Chí Minh",62.2,,6.7,Đông - Nam,Đông - Nam,7,5,5,Have certificate,Full,15.07
"Phố số 607, Phường Tân Phong, Quận 7, Hồ Chí Minh",35.0,7.3,13.8,Tây - Nam,Nam,2,2,1,Have certificate,Basic,4.71
"Phố số 608, Phường Thảo Điền, Thủ Đức, Hồ Chí Minh",46.3,2.5,6.5,Tây - Nam,Nam,5,6,6,Have certificate,Full,12.52
"Phố số 609, Phường Hàng Bạc, Hoàn Kiếm, Hà Nội",145.8,4.4,7.6,Tây - Nam,Đông - Bắc,1,8,8,Have certificate,Full,45.0
"Phố số 610, Phường Khương Mai, Thanh Xuân, Hà Nội",53.3,,7.6,Đông - Bắc,Đông - Bắc,4,4,4,Have certificate,Basic,9.0
"Phố số 611, Phường Bến Nghé, Quận 1, Hồ Chí Minh",111.0,5.8,3.3,Đông - Bắc,Tây - Bắc,2,6,6,Have certificate,Full,30.1
"Phố số 612, Phường Mỹ Đình 1, Nam Từ Liêm, Hà Nội",81.5,4.2,7.8,Đông - Nam,Đông - Bắc,4,4,4,Have certificate,Basic,13.31
"Phố số 613, Phường Dịch Vọng, Cầu Giấy, Hà Nội",97.2,3.9,13.8,Tây - Nam,Tây - Nam,4,4,4,Have certificate,Basic,25.53
"Phố số 614, Phường Bến Nghé, Quận 1, Hồ Chí Minh",99.2,6.3,,Tây - Nam,Tây - Nam,3,5,4,In waiting,None,21.92
"Phố số 615, Phường Thạch Thang, Hải Châu, Đà Nẵng",45.3,4.9,,Tây - Bắc,Bắc,2,3,3,In waiting,Full,4.39
"Phố số 616, Phường An Hải Bắc, Sơn Trà, Đà Nẵng",110.7,5.7,6.8,Nam,Nam,2,6,6,Have certificate,Basic,11.95
"Phố số 617, Phường Bến Nghé, Quận 1, Hồ Chí Minh",38.2,3.0,9.0,Đông - Nam,Nam,1,3,2,Have certificate,None,8.94
"Phố số 618, Phường 11, Gò Vấp, Hồ Chí Minh",52.2,2.5,10.9,Tây - Nam,Đông - Bắc,1,2,1,Have certificate,Basic,5.8
"Phố số 619, Phường Mỹ Đình 1, Nam Từ Liêm, Hà Nội",98.5,5.0,10.2,Đông - Bắc,Đông - Nam,2,5,5,Have certificate,Full,14.76
"Phố số 620, Phường Bồ Đề, Long Biên, Hà Nội",43.7,4.2,,Nam,Bắc,1,3,3,Have certificate,Basic,5.04
"Phố số 621, Phường Tân Phong, Quận 7, Hồ Chí Minh",35.0,5.9,,Tây - Nam,Đông,1,3,2,Other,None,2.96
"Phố số 622, Phường Tân Phong, Quận 7, Hồ Chí Minh",88.6,4.7,9.7,Đông - Nam,Nam,3,4,3,Have certificate,Full,15.99
"Phố số 623, Phường Thảo Điền, Thủ Đức, Hồ Chí Minh",35.0,5.2,3.0,Tây - Bắc,Đông - Bắc,2,2,1,Other,None,4.5
"Phố số 624, Phường 25, Bình Thạnh, Hồ Chí Minh",102.8,2.5,8.3,Đông - Nam,Nam,2,5,6,Have certificate,Basic,14.81
"Phố số 625, Phường Dịch Vọng, Cầu Giấy, Hà Nội",64.4,8.2,1.5,Đông - Nam,Tây - Bắc,3,4,4,Have certificate,Full,11.88
"Phố số 626, Phường Thảo Điền, Thủ Đức, Hồ Chí Minh",88.0,4.5,9.7,Đông - Nam,Unknown,2,4,4,Have certificate,Full,19.14
"Phố số 627, Phường 25, Bình Thạnh, Hồ Chí Minh",87.2,6.1,10.5,Đông,Tây - Nam,3,5,6,Have certificate,Full,15.65
"Phố số 628, Phường Bồ Đề, Long Biên, Hà Nội",106.4,3.3,10.9,Đông - Nam,Đông - Nam,4,6,6,Have certificate,Full,16.69
"Phố số 629, Phường Bến Nghé, Quận 1, Hồ Chí Minh",99.8,5.4,5.7,Đông - Bắc,Nam,1,4,4,Have certificate,None,22.33
"Phố số 630, Phường Tân Phong, Quận 7, Hồ Chí Minh",43.5,2.5,8.9,Bắc,Đông,2,2,2,Have certificate,Basic,6.34
"Phố số 631, Phường Khương Mai, Thanh Xuân, Hà Nội",66.4,5.6,13.9,Nam,Tây,3,5,5,Have certificate,Basic,10.66
"Phố số 632, Phường Thạch Thang, Hải Châu, Đà Nẵng",87.9,4.2,,Tây - Nam,Đông - Nam,5,6,5,Have certificate,Basic,11.36
"Phố số 633, Phường Hàng Bạc, Hoàn Kiếm, Hà Nội",140.8,4.9,,Đông - Nam,Đông - Nam,3,8,8,Have certificate,Full,45.0
"Phố số 634, Phường Hàng Bạc, Hoàn Kiếm, Hà Nội",100.3,6.1,,Nam,Đông - Nam,4,6,5,Have certificate,Full,40.56
"Phố số 635, Phường Võ Thị Sáu, Quận 3, Hồ Chí Minh",135.2,,,Nam,Đông,4,8,8,Other,None,28.39
"Phố số 636, Phường 25, Bình Thạnh, Hồ Chí Minh",90.1,3.6,1.5,Nam,Bắc,3,5,4,In waiting,Basic,11.68
"Phố số 637, Phường Hàng Bạc, Hoàn Kiếm, Hà Nội",122.7,5.6,6.0,Tây - Nam,Đông - Nam,5,7,7,Have certificate,Basic,45.0
"Phố số 638, Phường Tân Phong, Quận 7, Hồ Chí Minh",84.5,8.6,13.5,Đông - Nam,Đông - Nam,3,4,5,In waiting,Unknown,13.17
"Phố số 639, Phường 11, Gò Vấp, Hồ Chí Minh",120.3,4.6,11.9,Bắc,Tây - Nam,3,5,5,Have certificate,Full,20.2
"Phố số 640, Phường Thảo Điền, Thủ Đức, Hồ Chí Minh",62.8,5.9,9.2,Tây - Nam,Tây,2,3,4,Have certificate,None,12.44
"Phố số 641, Phường Bến Nghé, Quận 1, Hồ Chí Minh",148.4,4.6,1.5,Đông - Bắc,Tây,3,7,7,Have certificate,None,42.2
"Phố số 642, Phường 11, Gò Vấp, Hồ Chí Minh",94.9,8.3,7.3,Tây - Bắc,Đông - Bắc,5,5,5,Have certificate,Full,13.35
"Phố số 643, Phường Tân Phong, Quận 7, Hồ Chí Minh",35.0,2.5,4.8,Tây - Bắc,Đông - Nam,5,4,4,In waiting,Full,6.11
"Phố số 644, Phường 11, Gò Vấp, Hồ Chí Minh",89.3,5.0,9.0,Tây - Nam,Nam,6,5,6,Have certificate,Unknown,17.29
"Phố số 645, Phường Võ Thị Sáu, Quận 3, Hồ Chí Minh",100.4,2.5,3.9,Đông,Unknown,3,6,5,Have certificate,Full,27.96
"Phố số 646, Phường Thạch Thang, Hải Châu, Đà Nẵng",112.5,2.5,2.9,Nam,Unknown,3,7,7,In waiting,Full,13.52
"Phố số 647, Phường Dịch Vọng, Cầu Giấy, Hà Nội",172.1,5.3,1.5,Đông - Bắc,Tây - Nam,1,7,7,Have certificate,Basic,22.07
"Phố số 648, Phường Khương Mai, Thanh Xuân, Hà Nội",57.9,5.1,13.0,Đông,Đông - Bắc,2,3,3,Have certificate,Basic,8.74
"Phố số 649, Phường Mỹ Đình 1, Nam Từ Liêm, Hà Nội",172.7,4.3,5.7,Tây - Bắc,Tây - Bắc,3,10,10,Have certificate,Basic,24.98
"Phố số 650, Phường 25, Bình Thạnh, Hồ Chí Minh",75.1,4.6,,Nam,Nam,6,5,5,Have certificate,None,14.1
"Phố số 651, Phường Bến Nghé, Quận 1, Hồ Chí Minh",50.9,10.4,,Nam,Đông - Nam,5,4,5,Have certificate,None,15.59
"Phố số 652, Phường Hàng Bạc, Hoàn Kiếm, Hà Nội",58.5,4.3,2.7,Nam,Tây - Nam,4,5,6,Have certificate,None,21.22
"Phố số 653, Phường Dịch Vọng, Cầu Giấy, Hà Nội",97.6,,1.8,Tây,Tây - Bắc,1,3,4,Have certificate,Full,16.43
"Phố số 654, Phường Bồ Đề, Long Biên, Hà Nội",47.1,3.6,3.0,Đông - Nam,Tây - Nam,4,3,3,Have certificate,Basic,5.53
"Phố số 655, Phường 25, Bình Thạnh, Hồ Chí Minh",63.3,5.3,,Đông,Tây,2,4,4,In waiting,Full,9.19
"Phố số 656, Phường Võ Thị Sáu, Quận 3, Hồ Chí Minh",88.3,4.4,9.1,Đông,Nam,3,6,5,In waiting,Full,21.84
"Phố số 657, Phường 11, Gò Vấp, Hồ Chí Minh",147.8,4.1,3.9,Đông - Nam,Đông - Nam,4,7,8,Have certificate,None,22.67
"Phố số 658, Phường Thảo Điền, Thủ Đức, Hồ Chí Minh",111.0,,15.4,Đông,Đông - Nam,2,7,7,Have certificate,Full,26.67
"Phố số 659, Phường Dịch Vọng, Cầu Giấy, Hà Nội",76.6,,12.1,Đông,Unknown,8,6,6,In waiting,None,20.66
"Phố số 660, Phường Hàng Bạc, Hoàn Kiếm, Hà Nội",97.4,5.0,11.1,Đông - Nam,Đông,4,4,5,Have certificate,Full,42.58
"Phố số 661, Phường Thảo Điền, Thủ Đức, Hồ Chí Minh",84.2,2.5,7.0,Đông,Đông - Nam,3,6,6,Have certificate,None,17.21
"Phố số 662, Xã Xuân Quan, Văn Giang, Hưng Yên",40.2,4.2,14.3,Tây - Bắc,Tây - Bắc,3,3,3,Have certificate,Full,6.06
"Phố số 663, Phường Dịch Vọng, Cầu Giấy, Hà Nội",159.8,9.7,6.5,Unknown,Đông,2,8,7,Have certificate,Full,31.37
"Phố số 664, Phường Tân Phong, Quận 7, Hồ Chí Minh",148.9,4.4,,Đông,Tây,2,6,6,Have certificate,Basic,19.23
"Phố số 665, Phường Võ Thị Sáu, Quận 3, Hồ Chí Minh",72.3,6.8,8.3,Đông,Đông,4,4,5,Have certificate,Full,22.65
"Phố số 666, Phường Võ Thị Sáu, Quận 3, Hồ Chí Minh",59.6,,10.7,Nam,Đông - Nam,2,2,2,Have certificate,Basic,15.02
"Phố số 667, Phường Tân Phong, Quận 7, Hồ Chí Minh",40.7,5.2,10.4,Unknown,Tây - Nam,2,2,2,Unknown,None,4.55
"Phố số 668, Phường Võ Thị Sáu, Quận 3, Hồ Chí Minh",100.3,3.3,5.4,Nam,Unknown,2,5,4,Other,Basic,17.23
"Phố số 669, Phường Tân Phong, Quận 7, Hồ Chí Minh",100.6,,5.1,Đông,Đông - Nam,3,6,6,Other,Full,14.32
"Phố số 670, Phường 11, Gò Vấp, Hồ Chí Minh",49.2,,10.4,Đông - Nam,Tây,2,3,3,In waiting,Full,5.68
"Phố số 671, Phường Võ Thị Sáu, Quận 3, Hồ Chí Minh",84.7,3.3,10.7,Nam,Đông - Nam,3,4,3,Have certificate,Full,23.31
"Phố số 672, Phường Thạch Thang, Hải Châu, Đà Nẵng",109.4,5.1,,Đông - Nam,Nam,3,5,5,Have certificate,Basic,13.8
"Phố số 673, Phường Bến Nghé, Quận 1, Hồ Chí Minh",57.6,2.6,1.5,Đông - Bắc,Nam,3,4,4,Have certificate,Basic,15.9
"Phố số 674, Phường Hàng Bạc, Hoàn Kiếm, Hà Nội",68.0,4.3,6.6,Tây - Nam,Bắc,4,4,4,Have certificate,Full,28.14
"Phố số 675, Phường Thảo Điền, Thủ Đức, Hồ Chí Minh",67.7,4.9,10.3,Tây - Nam,Đông,5,5,4,Have certificate,Basic,17.46
"Phố số 676, Xã Xuân Quan, Văn Giang, Hưng Yên",50.8,5.3,15.6,Nam,Nam,6,5,5,Have certificate,Full,6.96
"Phố số 677, Phường Võ Thị Sáu, Quận 3, Hồ Chí Minh",68.7,,2.1,Tây,Tây,4,5,5,Unknown,Basic,15.05
"Phố số 678, Phường Thảo Điền, Thủ Đức, Hồ Chí Minh",35.0,7.0,5.6,Đông - Nam,Đông - Nam,5,4,4,Have certificate,Basic,8.9
"Phố số 679, Phường Đông Hòa, Dĩ An, Bình Dương",66.0,3.7,5.7,Nam,Đông - Nam,1,5,6,Have certificate,Full,4.8
"Phố số 680, Phường Mộ Lao, Hà Đông, Hà Nội",66.5,,13.6,Tây - Nam,Đông - Nam,5,5,4,Have certificate,None,8.38
"Phố số 681, Phường Mỹ Đình 1, Nam Từ Liêm, Hà Nội",72.8,4.6,7.3,Bắc,Tây - Nam,2,5,5,Have certificate,Basic,8.78
"Phố số 682, Phường Tân Phong, Quận 7, Hồ Chí Minh",94.0,4.9,3.4,Nam,Đông,6,7,7,Other,Basic,16.01
"Phố số 683, Phường Võ Thị Sáu, Quận 3, Hồ Chí Minh",38.9,5.1,10.0,Đông,Bắc,3,3,3,Have certificate,Basic,10.42
"Phố số 684, Phường Khương Mai, Thanh Xuân, Hà Nội",42.9,7.3,5.7,Đông,Đông,1,3,3,Have certificate,None,4.52
"Phố số 685, Phường An Hải Bắc, Sơn Trà, Đà Nẵng",50.1,4.4,2.0,Bắc,Đông - Nam,4,4,3,Other,Basic,4.46
"Phố số 686, Phường Hàng Bạc, Hoàn Kiếm, Hà Nội",36.7,4.6,3.5,Đông - Nam,Tây,3,2,2,Have certificate,Full,11.37
"Phố số 687, Phường Hàng Bạc, Hoàn Kiếm, Hà Nội",99.1,2.8,15.3,Đông,Nam,2,5,5,Have certificate,Full,35.56
"Phố số 688, Phường 11, Gò Vấp, Hồ Chí Minh",56.3,6.3,9.2,Đông - Nam,Tây - Bắc,4,3,3,Have certificate,Full,9.2
"Phố số 689, Phường Bồ Đề, Long Biên, Hà Nội",73.9,5.1,8.0,Đông - Nam,Nam,6,6,5,Have certificate,Full,13.24
"Phố số 690, Phường Tân Phong, Quận 7, Hồ Chí Minh",47.9,,6.4,Đông - Nam,Đông - Nam,3,4,4,Have certificate,Unknown,7.69
"Phố số 691, Phường 11, Gò Vấp, Hồ Chí Minh",62.5,2.5,,Unknown,Đông,6,5,5,In waiting,Full,9.83
"Phố số 692, Phường Thảo Điền, Thủ Đức, Hồ Chí Minh",86.6,7.4,8.8,Đông - Nam,Đông - Nam,5,6,5,Other,None,18.4
"Phố số 693, Phường Hàng Bạc, Hoàn Kiếm, Hà Nội",88.6,2.6,8.8,Tây - Bắc,Đông - Nam,3,5,5,Have certificate,Full,32.82
"Phố số 694, Phường Tân Phong, Quận 7, Hồ Chí Minh",43.8,3.7,8.0,Đông - Nam,Đông,3,4,3,Have certificate,Full,6.79
"Phố số 695, Phường Võ Thị Sáu, Quận 3, Hồ Chí Minh",72.1,5.4,11.4,Tây - Bắc,Đông - Nam,2,4,4,In waiting,Unknown,14.98
"Phố số 696, Phường Dịch Vọng, Cầu Giấy, Hà Nội",48.4,2.6,,Tây - Nam,Đông - Nam,3,3,4,Have certificate,Full,10.31
"Phố số 697, Phường 11, Gò Vấp, Hồ Chí Minh",70.8,2.5,3.1,Đông - Nam,Nam,2,4,4,Unknown,Basic,7.08
"Phố số 698, Phường Dịch Vọng, Cầu Giấy, Hà Nội",54.0,2.5,,Tây - Nam,Đông,4,4,4,Have certificate,None,10.49
"Phố số 699, Phường Võ Thị Sáu, Quận 3, Hồ Chí Minh",164.5,6.1,1.5,Nam,Nam,4,7,8,Have certificate,None,40.62
"Phố số 700, Phường 25, Bình Thạnh, Hồ Chí Minh",109.1,3.8,16.6,Nam,Đông - Nam,5,6,6,Have certificate,None,22.44
"Phố số 701, Phường Hàng Bạc, Hoàn Kiếm, Hà Nội",90.4,10.1,11.4,Đông,Đông,1,4,4,Have certificate,None,28.81
"Phố số 702, Phường Bến Nghé, Quận 1, Hồ Chí Minh",65.2,3.0,,Đông,Đông - Bắc,3,4,5,Have certificate,Basic,21.69
"Phố số 703, Phường 11, Gò Vấp, Hồ Chí Minh",110.5,3.1,6.2,Tây - Nam,Tây - Nam,2,5,5,Have certificate,Full,14.46
"Phố số 704, Phường Võ Thị Sáu, Quận 3, Hồ Chí Minh",73.1,3.8,4.6,Đông - Bắc,Nam,6,4,4,Have certificate,Basic,20.24
"Phố số 705, Phường Bến Nghé, Quận 1, Hồ Chí Minh",156.7,5.2,14.4,Nam,Đông - Nam,6,8,8,Have certificate,Unknown,45.0
"Phố số 706, Xã Xuân Quan, Văn Giang, Hưng Yên",115.7,4.0,1.5,Tây - Bắc,Đông,3,5,6,Have certificate,Basic,13.72
"Phố số 707, Phường 11, Gò Vấp, Hồ Chí Minh",62.3,5.9,,Tây - Bắc,Bắc,3,4,4,Have certificate,Full,7.58
"Phố số 708, Phường Mỹ Đình 1, Nam Từ Liêm, Hà Nội",148.3,3.0,7.0,Đông - Nam,Đông,5,9,8,Have certificate,Basic,28.17
"Phố số 709, Phường Tân Phong, Quận 7, Hồ Chí Minh",65.4,2.5,11.2,Đông - Nam,Đông - Nam,4,3,2,Unknown,Basic,9.52
"Phố số 710, Phường Khương Mai, Thanh Xuân, Hà Nội",169.0,2.5,7.0,Đông,Đông - Nam,7,9,8,In waiting,Full,38.86
"Phố số 711, Phường Bồ Đề, Long Biên, Hà Nội",152.0,2.5,1.5,Tây - Nam,Tây - Bắc,2,7,7,In waiting,Basic,12.91
"Phố số 712, Phường Dịch Vọng, Cầu Giấy, Hà Nội",86.4,3.9,6.4,Nam,Đông - Bắc,5,5,6,Have certificate,Basic,19.62
"Phố số 713, Phường 25, Bình Thạnh, Hồ Chí Minh",35.0,4.3,3.1,Nam,Nam,7,4,4,In waiting,Basic,6.01
"Phố số 714, Phường Thảo Điền, Thủ Đức, Hồ Chí Minh",83.3,3.7,7.9,Đông - Bắc,Nam,2,5,4,Have certificate,Full,17.5
"Phố số 715, Phường 11, Gò Vấp, Hồ Chí Minh",41.5,,14.0,Tây - Nam,Bắc,8,4,4,Have certificate,Full,10.01
"Phố số 716, Phường An Hải Bắc, Sơn Trà, Đà Nẵng",54.8,7.0,1.5,Đông - Nam,Đông - Nam,6,5,5,Have certificate,Basic,7.13
"Phố số 717, Phường Mộ Lao, Hà Đông, Hà Nội",56.9,4.2,3.9,Bắc,Đông,2,3,3,In waiting,Basic,5.0
"Phố số 718, Phường Đông Hòa, Dĩ An, Bình Dương",41.3,,5.0,Đông - Bắc,Đông - Bắc,2,2,2,Have certificate,Full,3.13
"Phố số 719, Phường Võ Thị Sáu, Quận 3, Hồ Chí Minh",83.4,3.8,5.8,Nam,Nam,5,5,6,Have certificate,Full,25.57
"Phố số 720, Phường Bồ Đề, Long Biên, Hà Nội",51.6,3.7,10.8,Đông - Bắc,Đông - Nam,4,4,4,Have certificate,Full,8.57
"Phố số 721, Phường Phú Cường, Thủ Dầu Một, Bình Dương",66.8,,6.7,Đông - Nam,Đông - Nam,5,6,5,Have certificate,Basic,5.48
"Phố số 722, Phường Tân Phong, Quận 7, Hồ Chí Minh",57.1,3.5,,Đông,Bắc,5,5,5,In waiting,Unknown,8.25
"Phố số 723, Phường Bến Nghé, Quận 1, Hồ Chí Minh",94.2,3.6,4.7,Đông - Nam,Đông,4,5,5,Have certificate,Basic,27.54
"Phố số 724, Phường Bồ Đề, Long Biên, Hà Nội",91.0,4.1,,Đông - Nam,Tây,1,4,4,Have certificate,None,8.21
"Phố số 725, Phường Hàng Bạc, Hoàn Kiếm, Hà Nội",64.2,3.7,11.0,Nam,Đông,6,5,4,Have certificate,Basic,31.03
"Phố số 726, Phường Mộ Lao, Hà Đông, Hà Nội",96.4,5.2,,Đông - Nam,Tây - Bắc,1,4,3,Have certificate,Basic,10.34
"Phố số 727, Phường Võ Thị Sáu, Quận 3, Hồ Chí Minh",129.8,5.4,11.0,Tây - Nam,Bắc,1,7,7,Have certificate,Full,28.09
"Phố số 728, Phường Mỹ Đình 1, Nam Từ Liêm, Hà Nội",35.0,3.2,7.7,Đông - Bắc,Đông,8,5,5,Have certificate,Basic,8.46
"Phố số 729, Phường Tân Phong, Quận 7, Hồ Chí Minh",55.5,7.1,12.2,Đông - Nam,Nam,4,4,4,Have certificate,Full,9.25
"Phố số 730, Phường Võ Thị Sáu, Quận 3, Hồ Chí Minh",45.6,3.0,6.6,Đông - Nam,Tây - Nam,1,3,4,Have certificate,Basic,9.37
"Phố số 731, Phường Võ Thị Sáu, Quận 3, Hồ Chí Minh",53.0,,9.2,Tây,Tây - Nam,1,3,4,In waiting,Full,10.43
"Phố số 732, Phường Mỹ Đình 1, Nam Từ Liêm, Hà Nội",35.0,5.5,7.3,Đông - Nam,Đông,3,3,3,Unknown,Full,4.75
"Phố số 733, Phường Khương Mai, Thanh Xuân, Hà Nội",35.0,3.3,7.1,Nam,Tây,2,2,2,Have certificate,Full,5.19
"Phố số 734, Phường Hàng Bạc, Hoàn Kiếm, Hà Nội",35.0,5.4,8.7,Đông,Đông - Nam,2,2,1,Have certificate,None,10.34
"Phố số 735, Phường Thảo Điền, Thủ Đức, Hồ Chí Minh",58.1,2.5,9.9,Tây,Nam,3,3,3,Have certificate,Full,11.27
"Phố số 736, Phường Thạch Thang, Hải Châu, Đà Nẵng",57.3,7.3,1.9,Tây,Tây - Nam,2,4,4,Have certificate,Full,6.61
"Phố số 737, Phường Thảo Điền, Thủ Đức, Hồ Chí Minh",138.4,6.0,,Đông - Bắc,Đông - Nam,7,8,7,Have certificate,None,35.12
"Phố số 738, Phường Mỹ Đình 1, Nam Từ Liêm, Hà Nội",80.3,2.5,1.5,Nam,Nam,4,6,6,Have certificate,Basic,13.1
"Phố số 739, Phường 25, Bình Thạnh, Hồ Chí Minh",35.0,,4.4,Đông - Bắc,Tây - Bắc,5,4,5,In waiting,Full,6.59
"Phố số 740, Phường Thảo Điền, Thủ Đức, Hồ Chí Minh",95.3,7.8,7.1,Nam,Tây - Nam,6,6,5,Have certificate,Full,30.14
"Phố số 741, Phường 25, Bình Thạnh, Hồ Chí Minh",331.5,3.5,9.4,Đông - Nam,Tây - Bắc,4,10,9,Have certificate,Full,45.0
"Phố số 742, Phường 11, Gò Vấp, Hồ Chí Minh",35.0,3.3,14.6,Đông,Đông - Bắc,8,5,5,Have certificate,Basic,7.88
"Phố số 743, Phường Bồ Đề, Long Biên, Hà Nội",157.9,2.5,1.5,Đông - Bắc,Đông - Bắc,4,9,9,Have certificate,Basic,20.71
"Phố số 744, Phường Hàng Bạc, Hoàn Kiếm, Hà Nội",73.3,4.2,5.2,Đông - Nam,Tây - Nam,4,4,4,Have certificate,Full,28.04
"Phố số 745, Phường Tân Phong, Quận 7, Hồ Chí Minh",60.5,4.4,1.5,Đông - Nam,Đông - Nam,2,3,3,Have certificate,None,8.3
"Phố số 746, Phường Thạch Thang, Hải Châu, Đà Nẵng",56.0,6.1,7.6,Tây,Đông,1,4,4,In waiting,Full,5.71
"Phố số 747, Phường Thảo Điền, Thủ Đức, Hồ Chí Minh",87.8,2.5,8.7,Bắc,Nam,2,5,5,Have certificate,Full,21.11
"Phố số 748, Phường Hàng Bạc, Hoàn Kiếm, Hà Nội",60.7,2.5,14.7,Tây - Nam,Unknown,8,6,6,Have certificate,Unknown,35.92
"Phố số 749, Phường An Hải Bắc, Sơn Trà, Đà Nẵng",40.7,5.6,8.0,Đông,Nam,4,4,4,Have certificate,Full,5.82
"Phố số 750, Phường Dịch Vọng, Cầu Giấy, Hà Nội",57.0,6.6,,Tây,Đông - Nam,7,5,5,Have certificate,None,16.33
"Phố số 751, Phường Võ Thị Sáu, Quận 3, Hồ Chí Minh",89.0,2.5,10.1,Đông - Bắc,Tây - Nam,6,5,6,Other,Basic,23.98
"Phố số 752, Phường Phú Cường, Thủ Dầu Một, Bình Dương",103.1,6.7,5.5,Tây - Nam,Đông,2,5,5,Have certificate,Full,6.59
"Phố số 753, Phường Dịch Vọng, Cầu Giấy, Hà Nội",165.5,4.9,1.5,Nam,Đông - Nam,3,9,9,Have certificate,Basic,34.42
"Phố số 754, Phường 11, Gò Vấp, Hồ Chí Minh",78.7,6.8,8.7,Đông - Nam,Đông - Nam,3,5,4,Have certificate,Basic,11.47
"Phố số 755, Phường Võ Thị Sáu, Quận 3, Hồ Chí Minh",133.4,4.7,1.5,Đông,Tây,2,6,7,Have certificate,None,28.39
"Phố số 756, Phường Mỹ Đình 1, Nam Từ Liêm, Hà Nội",68.1,2.5,13.3,Nam,Đông,2,4,4,Other,Full,8.24
"Phố số 757, Phường Dịch Vọng, Cầu Giấy, Hà Nội",72.7,4.5,6.8,Nam,Đông - Nam,1,4,4,Have certificate,Full,12.59
"Phố số 758, Phường Hàng Bạc, Hoàn Kiếm, Hà Nội",70.8,6.7,12.9,Đông,Đông,2,4,5,Have certificate,Full,27.92
"Phố số 759, Phường Thạch Thang, Hải Châu, Đà Nẵng",83.2,3.2,,Đông - Nam,Nam,4,5,6,Have certificate,Basic,11.58
"Phố số 760, Phường Mỹ Đình 1, Nam Từ Liêm, Hà Nội",111.7,4.1,8.7,Tây,Đông - Nam,1,4,5,Have certificate,Full,13.73
"Phố số 761, Phường Võ Thị Sáu, Quận 3, Hồ Chí Minh",59.5,4.5,8.4,Đông - Nam,Tây - Bắc,5,4,3,Have certificate,Full,21.83
"Phố số 762, Phường 11, Gò Vấp, Hồ Chí Minh",46.8,2.5,7.3,Đông,Nam,3,3,4,Have certificate,Unknown,6.15
"Phố số 763, Phường Tân Phong, Quận 7, Hồ Chí Minh",115.9,,5.6,Đông - Bắc,Đông - Nam,3,7,7,Have certificate,Full,19.64
"Phố số 764, Phường Bồ Đề, Long Biên, Hà Nội",112.0,,9.3,Đông,Unknown,3,6,5,In waiting,Full,14.56
"Phố số 765, Phường Bến Nghé, Quận 1, Hồ Chí Minh",143.2,5.7,3.3,Nam,Đông - Bắc,4,8,8,Have certificate,Basic,45.0
"Phố số 766, Phường Hàng Bạc, Hoàn Kiếm, Hà Nội",54.9,4.6,2.1,Đông,Nam,1,4,4,Have certificate,None,14.5
"Phố số 767, Phường Bồ Đề, Long Biên, Hà Nội",66.9,7.1,13.1,Tây,Nam,4,6,5,Have certificate,Full,10.65
"Phố số 768, Phường Thạch Thang, Hải Châu, Đà Nẵng",117.9,5.5,10.8,Unknown,Tây,6,7,7,Have certificate,Full,24.8
"Phố số 769, Phường 11, Gò Vấp, Hồ Chí Minh",59.1,4.4,,Tây - Nam,Nam,4,4,5,Have certificate,Full,9.43
"Phố số 770, Phường Mỹ Đình 1, Nam Từ Liêm, Hà Nội",101.1,3.2,15.0,Tây,Đông,1,4,4,Have certificate,Full,14.55
"Phố số 771, Phường Võ Thị Sáu, Quận 3, Hồ Chí Minh",68.2,6.2,6.3,Đông - Nam,Đông,3,4,4,Have certificate,Basic,17.59
"Phố số 772, Phường Mộ Lao, Hà Đông, Hà Nội",87.5,2.5,13.5,Bắc,Nam,1,4,4,Have certificate,Basic,7.84
"Phố số 773, Phường Võ Thị Sáu, Quận 3, Hồ Chí Minh",40.2,,8.3,Tây - Bắc,Tây - Nam,5,4,5,Have certificate,Basic,12.4
"Phố số 774, Phường Thảo Điền, Thủ Đức, Hồ Chí Minh",78.2,2.8,2.9,Tây - Nam,Đông,3,4,3,Have certificate,Basic,13.93
"Phố số 775, Phường Mỹ Đình 1, Nam Từ Liêm, Hà Nội",35.0,7.1,15.8,Đông - Bắc,Đông - Nam,2,1,1,Have certificate,None,4.0
"Phố số 776, Phường Võ Thị Sáu, Quận 3, Hồ Chí Minh",128.6,5.1,12.0,Đông,Tây,4,8,8,In waiting,Basic,32.33
"Phố số 777, Phường Tân Phong, Quận 7, Hồ Chí Minh",107.3,6.0,7.0,Nam,Đông - Nam,4,6,7,Have certificate,None,15.69
"Phố số 778, Phường Khương Mai, Thanh Xuân, Hà Nội",45.3,4.9,10.8,Bắc,Đông,6,4,3,Have certificate,Basic,9.77
"Phố số 779, Phường Khương Mai, Thanh Xuân, Hà Nội",159.3,2.5,5.7,Tây - Nam,Đông,4,8,8,In waiting,Basic,25.23
"Phố số 780, Phường Dịch Vọng, Cầu Giấy, Hà Nội",124.9,3.3,11.2,Tây - Nam,Đông - Bắc,2,6,6,Have certificate,Full,25.96
"Phố số 781, Phường Khương Mai, Thanh Xuân, Hà Nội",41.3,,1.5,Tây - Nam,Nam,3,2,3,Have certificate,Full,6.47
"Phố số 782, Phường Hàng Bạc, Hoàn Kiếm, Hà Nội",57.2,5.1,2.9,Bắc,Đông - Bắc,4,5,5,Have certificate,None,18.06
"Phố số 783, Phường Tân Phong, Quận 7, Hồ Chí Minh",42.5,6.9,11.9,Đông - Bắc,Đông - Nam,3,3,3,Have certificate,Full,7.38
"Phố số 784, Phường 11, Gò Vấp, Hồ Chí Minh",88.7,5.5,,Đông - Nam,Tây - Nam,3,5,4,Have certificate,Basic,10.32
"Phố số 785, Phường Tân Phong, Quận 7, Hồ Chí Minh",55.9,,8.4,Đông,Tây,4,4,5,Have certificate,Basic,10.86
"Phố số 786, Phường An Hải Bắc, Sơn Trà, Đà Nẵng",35.0,3.4,1.5,Unknown,Bắc,1,2,2,Have certificate,Basic,2.74
"Phố số 787, Phường Dịch Vọng, Cầu Giấy, Hà Nội",72.5,5.0,15.8,Tây - Nam,Đông,1,4,4,Have certificate,Basic,11.88
"Phố số 788, Phường Thảo Điền, Thủ Đức, Hồ Chí Minh",113.7,2.5,12.9,Tây - Bắc,Nam,3,7,7,Have certificate,Full,25.23
"Phố số 789, Phường 25, Bình Thạnh, Hồ Chí Minh",79.0,7.8,6.6,Tây,Đông - Nam,2,4,4,Have certificate,Full,12.7
"Phố số 790, Phường Phú Cường, Thủ Dầu Một, Bình Dương",96.8,5.6,5.7,Tây - Nam,Nam,3,5,5,Unknown,None,5.83
"Phố số 791, Phường Võ Thị Sáu, Quận 3, Hồ Chí Minh",82.6,7.0,12.1,Nam,Đông,2,5,5,Have certificate,Full,21.13
"Phố số 792, Phường Dịch Vọng, Cầu Giấy, Hà Nội",105.3,2.5,16.4,Nam,Đông - Nam,3,6,7,Have certificate,Basic,25.6
"Phố số 793, Phường Hàng Bạc, Hoàn Kiếm, Hà Nội",86.1,7.0,11.8,Tây - Nam,Tây - Bắc,3,6,6,Have certificate,Full,31.63
"Phố số 794, Phường Dịch Vọng, Cầu Giấy, Hà Nội",70.6,,17.3,Đông,Bắc,1,3,4,Have certificate,Full,14.71
"Phố số 795, Phường Bến Nghé, Quận 1, Hồ Chí Minh",78.5,2.5,,Tây,Đông - Nam,1,3,2,Other,Full,15.84
"Phố số 796, Phường Thạch Thang, Hải Châu, Đà Nẵng",145.7,6.2,3.8,Đông - Bắc,Đông,2,7,8,Have certificate,Basic,17.16
"Phố số 797, Phường Phú Cường, Thủ Dầu Một, Bình Dương",99.4,4.8,,Nam,Đông - Bắc,4,6,6,Have certificate,Full,8.01
"Phố số 798, Phường Hàng Bạc, Hoàn Kiếm, Hà Nội",45.2,2.5,9.5,Đông - Bắc,Đông - Nam,3,3,3,Have certificate,Full,18.52
"Phố số 799, Phường Khương Mai, Thanh Xuân, Hà Nội",77.9,5.7,8.3,Đông,Đông,1,5,5,Have certificate,Full,10.26
"Phố số 800, Phường An Hải Bắc, Sơn Trà, Đà Nẵng",88.0,6.3,6.8,Nam,Nam,5,6,6,Have certificate,Full,13.25
"Phố số 801, Phường Khương Mai, Thanh Xuân, Hà Nội",69.4,3.7,11.1,Đông,Đông - Nam,3,4,4,Have certificate,Full,12.51
"Phố số 802, Phường Võ Thị Sáu, Quận 3, Hồ Chí Minh",35.0,6.9,,Bắc,Tây - Nam,3,3,3,Have certificate,Full,8.55
"Phố số 803, Phường Hàng Bạc, Hoàn Kiếm, Hà Nội",47.6,2.5,1.5,Nam,Unknown,2,4,4,Have certificate,Basic,12.75
"Phố số 804, Phường Dịch Vọng, Cầu Giấy, Hà Nội",60.8,,,Nam,Nam,3,3,2,Have certificate,Full,12.13
"Phố số 805, Phường Thảo Điền, Thủ Đức, Hồ Chí Minh",167.9,,,Nam,Đông,1,7,7,Have certificate,Full,28.22
"Phố số 806, Phường Bồ Đề, Long Biên, Hà Nội",94.3,4.8,5.4,Đông - Nam,Nam,5,6,6,Have certificate,Unknown,12.05
"Phố số 807, Phường Phú Cường, Thủ Dầu Một, Bình Dương",35.0,3.5,,Đông,Bắc,5,3,3,Have certificate,Full,3.04
"Phố số 808, Phường An Hải Bắc, Sơn Trà, Đà Nẵng",71.6,6.3,12.1,Đông - Nam,Tây,1,3,3,Have certificate,None,5.34
"Phố số 809, Phường 25, Bình Thạnh, Hồ Chí Minh",135.0,5.8,1.7,Tây,Đông - Nam,1,5,5,Have certificate,Full,16.38
"Phố số 810, Phường Võ Thị Sáu, Quận 3, Hồ Chí Minh",55.5,6.3,,Nam,Bắc,2,3,3,Have certificate,Full,12.56
"Phố số 811, Xã Xuân Quan, Văn Giang, Hưng Yên",120.0,4.6,,Tây - Nam,Đông - Nam,3,7,7,Have certificate,Full,13.88
"Phố số 812, Phường Mộ Lao, Hà Đông, Hà Nội",35.0,5.9,4.9,Đông - Nam,Đông - Nam,3,2,2,Have certificate,Basic,3.99
"Phố số 813, Phường Võ Thị Sáu, Quận 3, Hồ Chí Minh",35.0,,11.0,Unknown,Tây - Nam,6,4,3,Have certificate,Basic,12.65
"Phố số 814, Phường An Hải Bắc, Sơn Trà, Đà Nẵng",128.3,8.5,4.9,Đông,Nam,4,7,7,Have certificate,Full,14.09
"Phố số 815, Phường Mộ Lao, Hà Đông, Hà Nội",59.2,3.3,13.8,Tây,Đông,2,3,2,Have certificate,Basic,7.32
"Phố số 816, Phường Hàng Bạc, Hoàn Kiếm, Hà Nội",35.0,8.6,6.9,Đông - Bắc,Tây - Nam,4,4,4,Have certificate,Basic,13.52
"Phố số 817, Phường Dịch Vọng, Cầu Giấy, Hà Nội",61.6,4.9,10.5,Đông - Bắc,Đông - Nam,4,4,4,Have certificate,Full,14.55
"Phố số 818, Phường Thảo Điền, Thủ Đức, Hồ Chí Minh",82.2,2.5,10.9,Tây,Nam,3,5,5,Unknown,Basic,15.04
"Phố số 819, Phường Bến Nghé, Quận 1, Hồ Chí Minh",92.7,7.3,4.7,Đông - Nam,Đông,5,6,6,Have certificate,Basic,31.83
"Phố số 820, Phường 11, Gò Vấp, Hồ Chí Minh",35.0,,1.5,Đông - Bắc,Nam,3,4,3,Have certificate,Full,4.01
"Phố số 821, Phường Mỹ Đình 1, Nam Từ Liêm, Hà Nội",53.3,6.3,9.1,Nam,Đông - Nam,3,3,3,In waiting,Full,6.92
"Phố số 822, Phường Bến Nghé, Quận 1, Hồ Chí Minh",77.2,7.0,7.8,Tây,Đông - Nam,7,5,5,Have certificate,None,28.8
"Phố số 823, Phường 11, Gò Vấp, Hồ Chí Minh",92.6,5.4,10.0,Tây - Bắc,Tây,3,6,7,Have certificate,Unknown,12.27
"Phố số 824, Phường Thảo Điền, Thủ Đức, Hồ Chí Minh",44.9,,6.5,Bắc,Bắc,3,3,3,Have certificate,Full,10.51
"Phố số 825, Phường Hàng Bạc, Hoàn Kiếm, Hà Nội",67.7,6.6,5.6,Đông - Nam,Đông - Nam,6,5,5,Have certificate,None,32.63
"Phố số 826, Phường An Hải Bắc, Sơn Trà, Đà Nẵng",55.4,4.8,16.5,Nam,Đông - Nam,3,3,3,Have certificate,Full,6.77
"Phố số 827, Phường 11, Gò Vấp, Hồ Chí Minh",83.5,6.0,1.5,Nam,Tây - Nam,3,5,5,Have certificate,None,9.84
"Phố số 828, Phường 11, Gò Vấp, Hồ Chí Minh",126.2,,,Đông - Nam,Tây - Bắc,3,6,6,In waiting,Basic,16.25
"Phố số 829, Phường Bồ Đề, Long Biên, Hà Nội",63.3,,4.9,Đông - Nam,Nam,1,2,3,Have certificate,None,5.88
"Phố số 830, Phường 25, Bình Thạnh, Hồ Chí Minh",35.0,3.7,6.0,Nam,Tây,3,3,3,In waiting,Basic,4.91
"Phố số 831, Phường Tân Phong, Quận 7, Hồ Chí Minh",51.8,,6.1,Unknown,Đông,3,2,1,Have certificate,Full,8.3
"Phố số 832, Phường 25, Bình Thạnh, Hồ Chí Minh",158.5,5.9,,Tây - Nam,Tây - Bắc,1,6,6,In waiting,Full,18.33
"Phố số 833, Phường Võ Thị Sáu, Quận 3, Hồ Chí Minh",47.7,5.2,10.1,Tây - Nam,Đông - Nam,5,4,4,Have certificate,Basic,14.36
"Phố số 834, Phường Võ Thị Sáu, Quận 3, Hồ Chí Minh",38.9,5.7,,Đông,Unknown,2,4,4,Have certificate,Full,7.89
"Phố số 835, Phường 25, Bình Thạnh, Hồ Chí Minh",61.4,3.0,9.6,Tây - Nam,Nam,8,6,6,Have certificate,Basic,18.14
"Phố số 836, Phường Thảo Điền, Thủ Đức, Hồ Chí Minh",71.6,,8.0,Tây - Bắc,Tây - Bắc,5,5,6,Have certificate,Unknown,18.5
"Phố số 837, Phường An Hải Bắc, Sơn Trà, Đà Nẵng",57.2,8.4,,Tây - Nam,Đông,3,3,3,Have certificate,Full,6.81
"Phố số 838, Phường Thảo Điền, Thủ Đức, Hồ Chí Minh",35.0,,9.8,Đông - Nam,Đông,2,3,3,Have certificate,Basic,7.53
"Phố số 839, Phường Dịch Vọng, Cầu Giấy, Hà Nội",87.4,7.7,17.2,Đông,Tây,2,6,5,Have certificate,Full,18.87
"Phố số 840, Phường Dịch Vọng, Cầu Giấy, Hà Nội",83.6,3.8,5.8,Unknown,Đông - Bắc,6,6,7,Have certificate,Basic,18.26
"Phố số 841, Phường Bến Nghé, Quận 1, Hồ Chí Minh",103.4,,5.8,Nam,Tây - Nam,4,6,6,Have certificate,Full,33.9
"Phố số 842, Phường Khương Mai, Thanh Xuân, Hà Nội",82.7,4.9,5.0,Tây - Nam,Nam,3,3,2,Have certificate,Full,13.39
"Phố số 843, Phường Võ Thị Sáu, Quận 3, Hồ Chí Minh",152.4,5.6,5.3,Đông - Nam,Đông - Bắc,5,9,10,Have certificate,None,40.19
"Phố số 844, Phường Đông Hòa, Dĩ An, Bình Dương",107.2,4.1,1.5,Đông - Nam,Tây - Bắc,3,5,5,Have certificate,None,6.91
"Phố số 845, Phường Võ Thị Sáu, Quận 3, Hồ Chí Minh",97.2,,9.3,Bắc,Đông - Nam,2,4,4,Have certificate,Basic,21.51
"Phố số 846, Phường Thảo Điền, Thủ Đức, Hồ Chí Minh",128.3,5.4,3.7,Nam,Đông,4,8,9,Have certificate,Basic,28.12
"Phố số 847, Phường Bến Nghé, Quận 1, Hồ Chí Minh",80.3,,1.5,Nam,Tây,3,4,4,Other,Basic,21.24
"Phố số 848, Phường Hoàng Văn Thụ, Hồng Bàng, Hải Phòng",68.4,5.7,10.9,Nam,Tây - Nam,5,5,6,Have certificate,Basic,9.83
"Phố số 849, Phường Hàng Bạc, Hoàn Kiếm, Hà Nội",87.0,6.4,2.6,Tây - Bắc,Tây,5,6,7,Have certificate,Full,38.19
"Phố số 850, Phường Dịch Vọng, Cầu Giấy, Hà Nội",35.0,5.1,6.0,Đông - Nam,Bắc,3,2,3,Have certificate,Full,6.64
"Phố số 851, Phường Bến Nghé, Quận 1, Hồ Chí Minh",80.4,6.9,14.1,Tây,Đông - Bắc,1,3,2,Have certificate,Full,22.98
"Phố số 852, Phường Bồ Đề, Long Biên, Hà Nội",71.6,2.6,1.5,Nam,Đông - Bắc,3,4,4,Have certificate,Full,8.83
"Phố số 853, Phường Tân Phong, Quận 7, Hồ Chí Minh",91.5,5.6,1.5,Tây,Tây - Bắc,2,5,5,Have certificate,Full,14.1
"Phố số 854, Phường Thạch Thang, Hải Châu, Đà Nẵng",120.2,,8.7,Unknown,Tây,5,7,7,Have certificate,Full,15.5
"Phố số 855, Phường Tân Phong, Quận 7, Hồ Chí Minh",98.5,2.8,12.7,Nam,Tây,3,5,5,Have certificate,Basic,15.54
"Phố số 856, Phường Tân Phong, Quận 7, Hồ Chí Minh",51.9,3.7,1.5,Đông - Nam,Đông - Nam,1,2,1,Have certificate,Full,6.45
"Phố số 857, Phường Bến Nghé, Quận 1, Hồ Chí Minh",111.0,3.1,9.3,Đông - Nam,Đông - Nam,6,7,8,Have certificate,Basic,45.0
"Phố số 858, Phường 25, Bình Thạnh, Hồ Chí Minh",153.4,3.8,10.1,Đông - Bắc,Đông,8,10,10,Have certificate,Basic,36.66
"Phố số 859, Phường Hàng Bạc, Hoàn Kiếm, Hà Nội",121.6,4.4,1.5,Đông - Nam,Đông - Bắc,7,8,8,Other,None,43.05
"Phố số 860, Phường Bến Nghé, Quận 1, Hồ Chí Minh",36.8,,11.1,Nam,Nam,3,3,3,Unknown,Full,10.41
"Phố số 861, Phường Bồ Đề, Long Biên, Hà Nội",98.1,4.2,11.4,Đông - Nam,Đông - Nam,5,7,6,In waiting,Basic,15.62
"Phố số 862, Phường 25, Bình Thạnh, Hồ Chí Minh",39.9,,,Nam,Nam,2,2,2,Have certificate,Basic,5.89
"Phố số 863, Phường Hàng Bạc, Hoàn Kiếm, Hà Nội",65.1,6.9,13.1,Đông - Nam,Đông - Bắc,6,5,5,Have certificate,Unknown,30.74
"Phố số 864, Phường 25, Bình Thạnh, Hồ Chí Minh",90.2,,12.6,Bắc,Bắc,2,4,5,Have certificate,Full,14.84
"Phố số 865, Phường Thảo Điền, Thủ Đức, Hồ Chí Minh",84.6,4.7,8.0,Bắc,Bắc,2,4,3,Have certificate,Full,18.17
"Phố số 866, Phường Hàng Bạc, Hoàn Kiếm, Hà Nội",120.5,5.6,5.5,Đông,Nam,3,7,7,Have certificate,Full,43.05
"Phố số 867, Phường Võ Thị Sáu, Quận 3, Hồ Chí Minh",153.7,5.2,3.1,Tây - Nam,Nam,7,10,10,In waiting,Full,45.0
"Phố số 868, Phường Tân Phong, Quận 7, Hồ Chí Minh",94.5,6.8,,Tây - Nam,Nam,4,6,6,Have certificate,Basic,14.07
"Phố số 869, Phường Mộ Lao, Hà Đông, Hà Nội",62.6,5.7,10.1,Đông - Bắc,Nam,3,4,4,Have certificate,None,7.39
"Phố số 870, Phường Phú Cường, Thủ Dầu Một, Bình Dương",35.0,,6.0,Đông,Tây - Nam,1,1,1,Have certificate,Full,2.41
"Phố số 871, Phường Thảo Điền, Thủ Đức, Hồ Chí Minh",134.6,,1.5,Đông,Nam,6,8,9,Have certificate,Full,34.34
"Phố số 872, Phường 11, Gò Vấp, Hồ Chí Minh",71.8,5.1,13.2,Tây - Nam,Đông - Nam,2,4,4,Have certificate,Full,10.02
"Phố số 873, Phường Dịch Vọng, Cầu Giấy, Hà Nội",73.6,4.5,8.4,Đông - Bắc,Nam,4,5,5,Have certificate,Full,16.41
"Phố số 874, Phường Thảo Điền, Thủ Đức, Hồ Chí Minh",76.5,6.5,5.8,Nam,Đông - Nam,2,4,4,Unknown,None,11.47
"Phố số 875, Phường Bến Nghé, Quận 1, Hồ Chí Minh",92.5,5.2,11.4,Nam,Đông - Nam,6,6,6,Have certificate,None,38.26
"Phố số 876, Phường Võ Thị Sáu, Quận 3, Hồ Chí Minh",93.8,5.5,14.4,Nam,Đông,3,5,4,Have certificate,Full,26.05
"Phố số 877, Phường Khương Mai, Thanh Xuân, Hà Nội",65.6,9.3,,Đông,Đông - Nam,6,5,5,Have certificate,Full,14.6
"Phố số 878, Phường Dịch Vọng, Cầu Giấy, Hà Nội",71.4,4.3,9.5,Nam,Đông,3,4,3,Have certificate,None,12.46
"Phố số 879, Phường Bến Nghé, Quận 1, Hồ Chí Minh",55.0,4.2,1.5,Đông,Nam,6,4,4,Have certificate,Full,23.41
"Phố số 880, Phường Tân Phong, Quận 7, Hồ Chí Minh",51.9,5.0,9.7,Đông,Tây - Nam,5,3,3,Have certificate,Basic,10.31
"Phố số 881, Phường Tân Phong, Quận 7, Hồ Chí Minh",51.8,6.7,8.1,Tây,Unknown,2,5,5,Have certificate,None,7.46
"Phố số 882, Phường Khương Mai, Thanh Xuân, Hà Nội",71.0,2.5,10.4,Đông - Nam,Đông,2,3,2,Have certificate,Basic,9.52
"Phố số 883, Phường Bến Nghé, Quận 1, Hồ Chí Minh",46.6,2.5,5.3,Tây - Nam,Tây - Nam,4,3,3,Have certificate,Full,16.29
"Phố số 884, Phường Võ Thị Sáu, Quận 3, Hồ Chí Minh",35.0,3.7,1.5,Tây - Nam,Bắc,6,4,4,Have certificate,Full,12.54
"Phố số 885, Phường Mỹ Đình 1, Nam Từ Liêm, Hà Nội",62.1,2.5,,Nam,Nam,2,3,3,In waiting,None,6.58
"Phố số 886, Phường Võ Thị Sáu, Quận 3, Hồ Chí Minh",38.1,4.0,9.3,Đông,Đông - Nam,4,3,3,Have certificate,Full,11.7
"Phố số 887, Phường Dịch Vọng, Cầu Giấy, Hà Nội",79.1,5.7,,Tây,Nam,4,4,4,Have certificate,Full,15.52
"Phố số 888, Phường Tân Phong, Quận 7, Hồ Chí Minh",54.8,3.2,2.2,Nam,Nam,1,3,2,In waiting,Basic,5.01
"Phố số 889, Phường Bến Nghé, Quận 1, Hồ Chí Minh",93.0,2.5,,Bắc,Tây - Nam,4,5,5,Have certificate,None,29.38
"Phố số 890, Phường Tân Phong, Quận 7, Hồ Chí Minh",40.1,4.9,4.6,Bắc,Đông - Nam,2,3,2,Have certificate,Basic,5.17
"Phố số 891, Phường Khương Mai, Thanh Xuân, Hà Nội",35.0,6.4,,Tây - Nam,Tây,3,4,3,Have certificate,Full,5.41
"Phố số 892, Phường Mộ Lao, Hà Đông, Hà Nội",71.5,2.5,5.2,Tây,Đông - Nam,4,4,5,In waiting,Basic,8.15
"Phố số 893, Phường Mộ Lao, Hà Đông, Hà Nội",60.7,6.3,8.3,Tây - Nam,Bắc,1,3,3,Have certificate,Full,6.66
"Phố số 894, Phường Thảo Điền, Thủ Đức, Hồ Chí Minh",36.3,6.3,11.5,Đông,Tây - Bắc,1,3,3,Have certificate,Full,7.25
"Phố số 895, Phường Khương Mai, Thanh Xuân, Hà Nội",107.3,6.5,2.0,Tây - Bắc,Unknown,1,5,5,Have certificate,None,12.7
"Phố số 896, Phường Tân Phong, Quận 7, Hồ Chí Minh",43.9,,4.4,Nam,Tây,5,4,3,Have certificate,Full,8.86
"Phố số 897, Phường 11, Gò Vấp, Hồ Chí Minh",50.6,8.8,8.3,Đông - Nam,Đông - Nam,4,3,3,In waiting,Full,7.63
"Phố số 898, Phường Thạch Thang, Hải Châu, Đà Nẵng",116.8,,,Nam,Đông - Bắc,3,7,8,Have certificate,Full,14.63
"Phố số 899, Phường Bến Nghé, Quận 1, Hồ Chí Minh",95.6,,3.6,Tây - Nam,Đông - Nam,1,4,5,Have certificate,Basic,25.98
"Phố số 900, Phường Bến Nghé, Quận 1, Hồ Chí Minh",41.3,4.1,16.7,Đông - Nam,Bắc,1,3,3,Have certificate,Basic,10.8
"Phố số 901, Phường Tân Phong, Quận 7, Hồ Chí Minh",63.5,4.8,16.5,Bắc,Nam,2,4,4,Have certificate,Basic,8.91
"Phố số 902, Phường Bến Nghé, Quận 1, Hồ Chí Minh",39.1,,7.1,Đông,Nam,4,3,3,Have certificate,Basic,14.9
"Phố số 903, Phường Tân Phong, Quận 7, Hồ Chí Minh",112.9,2.5,6.2,Tây,Bắc,2,5,5,Have certificate,Basic,14.86
"Phố số 904, Phường Dịch Vọng, Cầu Giấy, Hà Nội",112.8,3.3,4.4,Nam,Đông - Nam,5,6,5,Have certificate,Basic,20.26
"Phố số 905, Phường Thảo Điền, Thủ Đức, Hồ Chí Minh",164.3,7.3,7.2,Nam,Đông - Nam,4,9,9,Have certificate,Full,39.35
"Phố số 906, Phường Thạch Thang, Hải Châu, Đà Nẵng",193.9,6.6,1.5,Đông - Nam,Nam,3,9,9,Have certificate,Full,26.34
"Phố số 907, Phường Mỹ Đình 1, Nam Từ Liêm, Hà Nội",54.5,4.1,,Nam,Đông - Bắc,1,3,2,Have certificate,Basic,6.03
"Phố số 908, Phường 11, Gò Vấp, Hồ Chí Minh",104.4,6.3,14.2,Đông,Tây - Nam,8,8,8,Have certificate,Full,20.74
"Phố số 909, Phường Tân Phong, Quận 7, Hồ Chí Minh",35.0,5.4,,Tây - Bắc,Tây - Nam,2,2,2,Have certificate,Full,4.78
"Phố số 910, Phường Thảo Điền, Thủ Đức, Hồ Chí Minh",82.0,7.5,6.4,Nam,Bắc,4,6,6,Have certificate,Full,19.64
"Phố số 911, Phường Dịch Vọng, Cầu Giấy, Hà Nội",91.7,4.9,1.5,Tây - Nam,Đông - Nam,4,4,3,Have certificate,Basic,17.94
"Phố số 912, Phường 11, Gò Vấp, Hồ Chí Minh",45.2,6.6,9.2,Đông,Đông,4,4,4,Have certificate,Basic,6.5
"Phố số 913, Phường Dịch Vọng, Cầu Giấy, Hà Nội",52.8,9.6,8.7,Đông - Nam,Đông - Bắc,2,3,3,Have certificate,Basic,9.18
"Phố số 914, Phường Thảo Điền, Thủ Đức, Hồ Chí Minh",113.2,5.9,7.8,Đông,Tây - Nam,3,5,4,Have certificate,Basic,25.8
"Phố số 915, Phường Hàng Bạc, Hoàn Kiếm, Hà Nội",92.8,4.9,6.5,Đông - Nam,Nam,3,4,3,Have certificate,None,29.94
"Phố số 916, Phường 25, Bình Thạnh, Hồ Chí Minh",154.4,6.1,6.2,Bắc,Đông - Nam,5,9,9,Have certificate,Full,33.01
"Phố số 917, Phường 11, Gò Vấp, Hồ Chí Minh",146.0,,,Đông - Bắc,Đông - Nam,1,7,6,Have certificate,Basic,15.17
"Phố số 918, Phường Phú Cường, Thủ Dầu Một, Bình Dương",35.0,9.1,7.4,Nam,Đông - Nam,5,4,5,Have certificate,Full,3.27
"Phố số 919, Phường Bồ Đề, Long Biên, Hà Nội",57.3,5.1,8.9,Tây - Nam,Nam,3,4,4,Other,Full,6.04
"Phố số 920, Phường Võ Thị Sáu, Quận 3, Hồ Chí Minh",42.7,4.3,8.5,Đông - Nam,Đông - Nam,1,1,1,Have certificate,None,8.67
"Phố số 921, Phường Mộ Lao, Hà Đông, Hà Nội",106.4,3.3,12.6,Đông - Bắc,Nam,4,6,6,Have certificate,Full,13.85
"Phố số 922, Phường 25, Bình Thạnh, Hồ Chí Minh",85.9,6.8,10.5,Tây,Đông - Nam,6,7,7,Have certificate,Full,24.13
"Phố số 923, Phường Thạch Thang, Hải Châu, Đà Nẵng",44.2,,8.4,Tây,Đông - Bắc,2,2,1,In waiting,Basic,4.37
"Phố số 924, Phường Mỹ Đình 1, Nam Từ Liêm, Hà Nội",48.0,3.9,14.3,Nam,Bắc,4,4,4,Have certificate,Full,8.81
"Phố số 925, Phường Thảo Điền, Thủ Đức, Hồ Chí Minh",130.9,5.8,9.4,Nam,Nam,4,7,7,Have certificate,Basic,33.47
"Phố số 926, Phường Bến Nghé, Quận 1, Hồ Chí Minh",60.7,2.5,13.4,Đông,Đông,3,4,3,Have certificate,Full,21.41
"Phố số 927, Phường 11, Gò Vấp, Hồ Chí Minh",35.0,5.1,10.2,Tây - Bắc,Tây - Bắc,1,2,2,Have certificate,Full,4.04
"Phố số 928, Phường Hàng Bạc, Hoàn Kiếm, Hà Nội",42.1,5.6,1.5,Tây - Bắc,Đông,5,4,4,Have certificate,Basic,14.69
"Phố số 929, Phường Dịch Vọng, Cầu Giấy, Hà Nội",169.4,7.9,13.4,Nam,Unknown,1,7,7,Other,Basic,24.32
"Phố số 930, Phường Tân Phong, Quận 7, Hồ Chí Minh",118.4,3.4,8.1,Tây,Đông - Nam,6,8,8,Have certificate,Full,24.33
"Phố số 931, Phường Võ Thị Sáu, Quận 3, Hồ Chí Minh",37.7,2.5,7.3,Tây - Bắc,Tây,1,2,3,Have certificate,Basic,9.1
"Phố số 932, Phường Mộ Lao, Hà Đông, Hà Nội",82.0,3.2,8.8,Nam,Đông,1,3,3,In waiting,Basic,7.08
"Phố số 933, Xã Xuân Quan, Văn Giang, Hưng Yên",115.0,2.5,5.9,Tây,Đông - Nam,3,7,7,Have certificate,Basic,10.52
"Phố số 934, Phường Hàng Bạc, Hoàn Kiếm, Hà Nội",35.0,7.2,8.5,Nam,Unknown,5,3,4,Have certificate,Full,17.11
"Phố số 935, Phường Võ Thị Sáu, Quận 3, Hồ Chí Minh",121.0,,4.8,Nam,Tây - Bắc,3,7,6,In waiting,Full,25.45
"Phố số 936, Phường 11, Gò Vấp, Hồ Chí Minh",92.4,5.4,13.2,Đông - Nam,Nam,4,5,4,In waiting,Full,13.85
"Phố số 937, Phường Bến Nghé, Quận 1, Hồ Chí Minh",51.2,7.0,,Đông,Tây - Bắc,4,4,4,Have certificate,Full,19.32
"Phố số 938, Phường An Hải Bắc, Sơn Trà, Đà Nẵng",99.4,5.0,5.8,Tây,Đông - Nam,2,5,5,Have certificate,Full,9.62
"Phố số 939, Phường Võ Thị Sáu, Quận 3, Hồ Chí Minh",86.5,4.6,3.3,Đông,Tây - Nam,4,5,5,Have certificate,Full,23.73
"Phố số 940, Phường Hàng Bạc, Hoàn Kiếm, Hà Nội",89.3,4.2,8.7,Đông - Nam,Đông - Nam,4,4,4,Have certificate,None,36.73
"Phố số 941, Phường 11, Gò Vấp, Hồ Chí Minh",80.6,4.2,8.3,Nam,Đông - Nam,3,4,3,Have certificate,Basic,12.33
"Phố số 942, Phường Hàng Bạc, Hoàn Kiếm, Hà Nội",47.1,2.5,9.2,Tây - Nam,Đông - Bắc,7,5,5,Have certificate,Full,24.83
"Phố số 943, Phường Dịch Vọng, Cầu Giấy, Hà Nội",51.8,5.3,2.9,Tây - Nam,Nam,1,3,4,Have certificate,Basic,9.09
"Phố số 944, Phường Mỹ Đình 1, Nam Từ Liêm, Hà Nội",66.6,,1.5,Tây - Nam,Đông - Nam,4,4,4,Have certificate,Basic,8.64
"Phố số 945, Phường Tân Phong, Quận 7, Hồ Chí Minh",76.7,,10.3,Đông - Nam,Nam,5,6,5,In waiting,Full,12.82
"Phố số 946, Phường Bến Nghé, Quận 1, Hồ Chí Minh",102.2,5.0,14.2,Đông - Bắc,Đông - Nam,3,5,5,Have certificate,Basic,33.83
"Phố số 947, Phường Võ Thị Sáu, Quận 3, Hồ Chí Minh",171.3,,2.9,Bắc,Tây - Nam,1,8,8,Have certificate,Full,37.86
"Phố số 948, Phường An Hải Bắc, Sơn Trà, Đà Nẵng",83.8,3.2,14.7,Đông,Đông - Nam,5,6,6,In waiting,Basic,10.58
"Phố số 949, Phường Thạch Thang, Hải Châu, Đà Nẵng",101.3,4.9,8.8,Đông - Bắc,Tây,4,6,6,Have certificate,Full,14.46
"Phố số 950, Phường Dịch Vọng, Cầu Giấy, Hà Nội",112.3,,7.5,Bắc,Nam,1,5,5,Have certificate,Full,17.32
"Phố số 951, Phường Dịch Vọng, Cầu Giấy, Hà Nội",104.7,2.7,5.7,Tây - Nam,Nam,1,5,6,Unknown,Full,12.41
"Phố số 952, Phường Khương Mai, Thanh Xuân, Hà Nội",46.1,,1.5,Đông - Bắc,Nam,4,4,4,In waiting,Basic,6.97
"Phố số 953, Phường Võ Thị Sáu, Quận 3, Hồ Chí Minh",136.6,5.2,11.9,Đông - Bắc,Tây - Nam,4,7,7,Have certificate,Basic,39.66
"Phố số 954, Phường An Hải Bắc, Sơn Trà, Đà Nẵng",126.7,3.5,4.0,Nam,Đông - Nam,4,7,7,Have certificate,Full,16.08
"Phố số 955, Phường Thảo Điền, Thủ Đức, Hồ Chí Minh",80.0,3.7,4.0,Tây - Nam,Đông,2,4,3,Have certificate,Full,13.7
"Phố số 956, Phường Thảo Điền, Thủ Đức, Hồ Chí Minh",47.6,5.2,12.0,Tây,Nam,1,3,4,Have certificate,Basic,9.05
"Phố số 957, Phường Hàng Bạc, Hoàn Kiếm, Hà Nội",76.1,2.8,1.5,Nam,Bắc,2,4,4,Have certificate,None,21.52
"Phố số 958, Phường Bến Nghé, Quận 1, Hồ Chí Minh",35.0,5.4,1.5,Bắc,Đông - Nam,4,3,2,Have certificate,Basic,10.51
"Phố số 959, Phường Võ Thị Sáu, Quận 3, Hồ Chí Minh",144.9,,7.4,Tây - Nam,Tây,3,8,8,Have certificate,Unknown,34.2
"Phố số 960, Phường Bồ Đề, Long Biên, Hà Nội",54.2,6.7,8.8,Đông,Đông - Nam,1,2,2,Have certificate,Full,6.06
"Phố số 961, Phường Bến Nghé, Quận 1, Hồ Chí Minh",64.9,9.0,9.7,Tây - Nam,Đông - Nam,5,6,7,Have certificate,Full,26.3
"Phố số 962, Phường Dịch Vọng, Cầu Giấy, Hà Nội",140.1,3.3,6.1,Đông,Đông - Nam,5,7,8,Have certificate,Basic,30.47
"Phố số 963, Phường Tân Phong, Quận 7, Hồ Chí Minh",132.4,5.8,18.9,Tây,Đông - Nam,3,6,5,In waiting,Full,23.23
"Phố số 964, Phường Thảo Điền, Thủ Đức, Hồ Chí Minh",88.1,3.5,,Đông,Đông,7,6,6,Have certificate,Full,28.26
"Phố số 965, Phường 11, Gò Vấp, Hồ Chí Minh",155.0,6.7,6.5,Bắc,Unknown,1,7,7,Have certificate,Full,17.23
"Phố số 966, Phường Thảo Điền, Thủ Đức, Hồ Chí Minh",45.3,2.5,,Đông,Đông - Nam,4,4,3,Have certificate,Full,10.97
"Phố số 967, Phường Khương Mai, Thanh Xuân, Hà Nội",88.1,5.7,8.1,Tây - Nam,Đông,5,6,6,In waiting,Full,15.9
"Phố số 968, Phường 11, Gò Vấp, Hồ Chí Minh",45.5,,10.3,Unknown,Nam,2,2,2,In waiting,Unknown,5.84
"Phố số 969, Phường Hàng Bạc, Hoàn Kiếm, Hà Nội",123.2,4.4,12.9,Đông - Nam,Nam,4,6,5,Other,Full,44.5
"Phố số 970, Phường 25, Bình Thạnh, Hồ Chí Minh",121.1,,1.5,Đông - Bắc,Nam,5,8,8,In waiting,Full,22.15
"Phố số 971, Phường Khương Mai, Thanh Xuân, Hà Nội",160.1,6.3,6.4,Đông - Nam,Bắc,2,7,7,Have certificate,Full,26.87
"Phố số 972, Phường Phú Cường, Thủ Dầu Một, Bình Dương",75.0,3.3,9.5,Tây,Đông - Nam,1,3,2,Have certificate,None,4.45
"Phố số 973, Phường Bồ Đề, Long Biên, Hà Nội",180.7,5.8,10.1,Tây - Nam,Đông - Bắc,3,10,10,Have certificate,Basic,25.46
"Phố số 974, Phường Tân Phong, Quận 7, Hồ Chí Minh",43.6,4.2,7.5,Tây - Bắc,Nam,3,3,3,Have certificate,Full,7.7
"Phố số 975, Phường Bến Nghé, Quận 1, Hồ Chí Minh",73.0,4.6,9.9,Bắc,Nam,1,3,2,Have certificate,Full,20.79
"Phố số 976, Phường 11, Gò Vấp, Hồ Chí Minh",44.4,,3.9,Đông - Nam,Nam,5,3,4,Have certificate,Basic,7.25
"Phố số 977, Phường Dịch Vọng, Cầu Giấy, Hà Nội",82.4,3.4,14.5,Đông - Nam,Nam,2,4,3,Have certificate,Full,16.29
"Phố số 978, Phường Bến Nghé, Quận 1, Hồ Chí Minh",46.4,5.2,12.0,Tây - Nam,Đông - Nam,4,3,2,Have certificate,Unknown,19.14
"Phố số 979, Phường 25, Bình Thạnh, Hồ Chí Minh",123.3,7.6,1.5,Đông,Đông - Nam,5,7,6,Have certificate,Basic,18.68
"Phố số 980, Phường Dịch Vọng, Cầu Giấy, Hà Nội",93.8,3.4,2.7,Đông - Nam,Nam,5,7,7,Have certificate,Full,20.46
"Phố số 981, Phường 11, Gò Vấp, Hồ Chí Minh",41.6,6.9,2.8,Đông - Nam,Tây,5,3,3,Have certificate,None,5.4
"Phố số 982, Phường Bồ Đề, Long Biên, Hà Nội",110.0,7.5,10.6,Tây - Nam,Đông - Nam,5,6,6,Have certificate,Full,21.06
"Phố số 983, Phường Võ Thị Sáu, Quận 3, Hồ Chí Minh",149.9,3.3,1.7,Đông - Nam,Đông - Bắc,3,8,8,Have certificate,Full,36.81
"Phố số 984, Phường Bến Nghé, Quận 1, Hồ Chí Minh",98.1,2.5,6.0,Bắc,Nam,2,5,6,Have certificate,Full,26.48
"Phố số 985, Phường Khương Mai, Thanh Xuân, Hà Nội",35.2,5.3,9.5,Tây,Bắc,6,4,3,Other,Basic,5.95
"Phố số 986, Phường 25, Bình Thạnh, Hồ Chí Minh",69.7,3.8,,Tây,Nam,1,3,3,Have certificate,Full,8.33
"Phố số 987, Phường Khương Mai, Thanh Xuân, Hà Nội",104.0,8.2,8.7,Đông - Nam,Đông - Nam,1,4,3,Have certificate,Full,15.46
"Phố số 988, Phường 25, Bình Thạnh, Hồ Chí Minh",66.4,4.9,2.7,Đông - Nam,Unknown,2,5,4,Have certificate,Full,10.66
"Phố số 989, Phường Tân Phong, Quận 7, Hồ Chí Minh",43.3,3.4,10.2,Đông,Đông - Nam,1,1,1,Have certificate,None,5.6
"Phố số 990, Phường Mỹ Đình 1, Nam Từ Liêm, Hà Nội",129.9,,4.7,Unknown,Đông,2,6,5,Have certificate,Full,16.75
"Phố số 991, Phường Mỹ Đình 1, Nam Từ Liêm, Hà Nội",65.0,6.8,6.0,Nam,Đông,8,6,6,Have certificate,Full,16.7
"Phố số 992, Phường Khương Mai, Thanh Xuân, Hà Nội",149.9,3.8,8.6,Nam,Nam,4,8,9,Have certificate,Basic,29.16
"Phố số 993, Phường 11, Gò Vấp, Hồ Chí Minh",57.5,,8.0,Đông - Nam,Tây - Bắc,2,3,2,In waiting,Basic,5.38
"Phố số 994, Phường Dịch Vọng, Cầu Giấy, Hà Nội",63.2,6.5,,Đông - Bắc,Tây,1,2,2,Have certificate,None,9.03
"Phố số 995, Phường Thảo Điền, Thủ Đức, Hồ Chí Minh",55.2,3.9,4.1,Tây - Nam,Tây,2,4,4,Have certificate,Full,9.7
"Phố số 996, Phường Bến Nghé, Quận 1, Hồ Chí Minh",69.1,4.7,6.2,Đông - Nam,Unknown,5,5,5,Have certificate,None,27.33
"Phố số 997, Phường An Hải Bắc, Sơn Trà, Đà Nẵng",93.1,4.8,7.5,Đông,Đông,5,7,7,Have certificate,Basic,11.49
"Phố số 998, Phường Võ Thị Sáu, Quận 3, Hồ Chí Minh",44.5,6.0,1.5,Tây - Nam,Đông - Nam,2,3,3,Have certificate,Full,8.85
"Phố số 999, Phường Đông Hòa, Dĩ An, Bình Dương",40.1,5.9,5.4,Đông,Đông - Bắc,4,3,2,In waiting,None,3.06
"Phố số 1000, Phường 25, Bình Thạnh, Hồ Chí Minh",35.0,4.4,9.2,Đông - Bắc,Nam,1,2,3,Have certificate,Basic,5.59
"Phố số 1001, Phường Tân Phong, Quận 7, Hồ Chí Minh",35.0,4.9,1.8,Tây,Đông - Nam,1,3,3,Unknown,Basic,3.56
"Phố số 1002, Phường Hàng Bạc, Hoàn Kiếm, Hà Nội",35.4,4.1,12.7,Đông - Bắc,Đông,1,2,3,Have certificate,None,10.07
"Phố số 1003, Phường Thạch Thang, Hải Châu, Đà Nẵng",57.3,2.5,13.2,Tây - Nam,Bắc,5,4,5,Have certificate,Basic,9.37
"Phố số 1004, Phường Bồ Đề, Long Biên, Hà Nội",81.7,5.3,1.9,Bắc,Đông - Nam,2,3,2,Other,Full,8.08
"Phố số 1005, Phường Mỹ Đình 1, Nam Từ Liêm, Hà Nội",90.7,8.2,13.6,Bắc,Tây,5,6,6,Have certificate,None,18.83
"Phố số 1006, Phường Dịch Vọng, Cầu Giấy, Hà Nội",79.9,3.2,6.9,Nam,Nam,3,5,4,Have certificate,Full,14.58
"Phố số 1007, Phường Khương Mai, Thanh Xuân, Hà Nội",141.9,,,Đông - Nam,Đông - Nam,5,7,8,Have certificate,Basic,26.4
"Phố số 1008, Phường Mộ Lao, Hà Đông, Hà Nội",162.9,3.2,5.3,Tây,Tây,4,9,10,Have certificate,Full,21.46
"Phố số 1009, Phường Tân Phong, Quận 7, Hồ Chí Minh",65.2,6.1,11.7,Đông - Nam,Tây - Bắc,3,4,4,Have certificate,Full,10.96
"Phố số 1010, Phường 25, Bình Thạnh, Hồ Chí Minh",44.8,5.6,9.3,Tây - Bắc,Nam,4,4,3,In waiting,Basic,8.42
"Phố số 1011, Phường Tân Phong, Quận 7, Hồ Chí Minh",186.0,4.5,3.8,Đông - Nam,Nam,2,7,6,Have certificate,Full,23.45
"Phố số 1012, Xã Xuân Quan, Văn Giang, Hưng Yên",127.8,3.1,2.3,Tây - Bắc,Nam,5,6,7,Have certificate,Basic,17.21
"Phố số 1013, Phường Phú Cường, Thủ Dầu Một, Bình Dương",123.4,,1.5,Tây - Nam,Tây,4,6,7,Unknown,None,6.23
"Phố số 1014, Phường Bến Nghé, Quận 1, Hồ Chí Minh",56.1,2.5,8.3,Tây,Đông - Nam,3,5,4,Have certificate,Full,17.65
"Phố số 1015, Phường Khương Mai, Thanh Xuân, Hà Nội",111.3,5.1,10.1,Nam,Đông - Nam,2,5,4,Have certificate,Basic,17.18
"Phố số 1016, Phường An Hải Bắc, Sơn Trà, Đà Nẵng",80.2,6.4,10.4,Unknown,Đông - Bắc,4,5,5,Unknown,Basic,7.16
"Phố số 1017, Phường Tân Phong, Quận 7, Hồ Chí Minh",72.3,2.5,7.0,Nam,Nam,5,6,5,Have certificate,Basic,15.85
"Phố số 1018, Phường Hàng Bạc, Hoàn Kiếm, Hà Nội",72.3,2.5,2.3,Nam,Nam,1,4,5,Have certificate,Basic,18.21
"Phố số 1019, Phường An Hải Bắc, Sơn Trà, Đà Nẵng",95.2,7.6,4.4,Đông - Nam,Bắc,5,6,6,In waiting,Full,10.08
"Phố số 1020, Phường Bến Nghé, Quận 1, Hồ Chí Minh",144.1,3.7,12.7,Tây - Bắc,Bắc,5,8,8,Have certificate,Full,45.0
"Phố số 1021, Phường Khương Mai, Thanh Xuân, Hà Nội",193.2,6.8,5.3,Đông,Tây - Bắc,2,10,10,Have certificate,Full,30.56
"Phố số 1022, Phường 11, Gò Vấp, Hồ Chí Minh",61.1,4.5,8.1,Đông - Bắc,Nam,2,4,4,Have certificate,Full,8.51
"Phố số 1023, Phường An Hải Bắc, Sơn Trà, Đà Nẵng",82.4,4.5,2.7,Đông - Bắc,Bắc,2,5,5,Have certificate,Basic,7.18
"Phố số 1024, Xã Xuân Quan, Văn Giang, Hưng Yên",71.4,5.6,9.0,Bắc,Đông - Bắc,3,4,4,Have certificate,Full,8.98
"Phố số 1025, Phường Phú Cường, Thủ Dầu Một, Bình Dương",92.2,3.2,5.4,Tây - Nam,Đông - Nam,3,5,5,Have certificate,Unknown,6.97
"Phố số 1026, Phường 25, Bình Thạnh, Hồ Chí Minh",67.1,5.0,12.2,Tây - Nam,Tây - Nam,3,3,3,Have certificate,Basic,10.86
"Phố số 1027, Phường Mộ Lao, Hà Đông, Hà Nội",178.1,4.1,11.0,Đông - Bắc,Đông - Nam,2,9,9,Have certificate,Full,21.33
"Phố số 1028, Phường Mộ Lao, Hà Đông, Hà Nội",52.8,2.5,5.3,Đông - Bắc,Đông - Bắc,5,4,3,Have certificate,Full,7.4
"Phố số 1029, Phường 11, Gò Vấp, Hồ Chí Minh",61.1,5.4,6.9,Đông - Nam,Đông - Bắc,3,4,3,Have certificate,Basic,7.2
"Phố số 1030, Phường Mỹ Đình 1, Nam Từ Liêm, Hà Nội",56.5,4.3,5.0,Đông - Nam,Đông - Bắc,2,4,4,Have certificate,Basic,7.52
"Phố số 1031, Phường Bến Nghé, Quận 1, Hồ Chí Minh",69.7,4.5,1.5,Đông - Nam,Đông - Nam,1,4,4,Have certificate,Unknown,16.8
"Phố số 1032, Phường Dịch Vọng, Cầu Giấy, Hà Nội",36.8,2.6,3.6,Nam,Tây - Nam,3,2,2,Have certificate,Full,7.34
"Phố số 1033, Phường Tân Phong, Quận 7, Hồ Chí Minh",57.1,7.7,8.4,Đông,Đông - Nam,2,3,4,Have certificate,Full,6.85
"Phố số 1034, Phường Võ Thị Sáu, Quận 3, Hồ Chí Minh",91.8,6.4,,Tây - Nam,Tây - Bắc,2,5,5,Have certificate,None,18.49
"Phố số 1035, Phường Bến Nghé, Quận 1, Hồ Chí Minh",91.4,6.5,8.2,Tây - Bắc,Tây - Nam,3,4,4,Have certificate,Full,28.3
"Phố số 1036, Phường Khương Mai, Thanh Xuân, Hà Nội",84.7,4.3,6.1,Nam,Đông - Nam,2,5,4,Have certificate,Basic,14.09
"Phố số 1037, Phường 11, Gò Vấp, Hồ Chí Minh",138.2,2.5,11.7,Đông - Bắc,Đông - Nam,3,7,8,Have certificate,Full,20.3
"Phố số 1038, Phường Khương Mai, Thanh Xuân, Hà Nội",93.5,8.3,7.8,Đông,Tây - Nam,5,7,7,Have certificate,Basic,16.05
"Phố số 1039, Phường Bến Nghé, Quận 1, Hồ Chí Minh",136.1,4.7,10.7,Nam,Đông,3,6,5,Have certificate,Full,45.0
"Phố số 1040, Phường 11, Gò Vấp, Hồ Chí Minh",193.3,,1.5,Tây - Nam,Đông - Bắc,5,10,10,Unknown,Basic,24.57
"Phố số 1041, Phường Hàng Bạc, Hoàn Kiếm, Hà Nội",112.6,5.6,1.5,Tây - Bắc,Nam,4,7,7,Have certificate,Basic,40.74
"Phố số 1042, Phường Mỹ Đình 1, Nam Từ Liêm, Hà Nội",36.9,6.9,8.8,Đông - Nam,Tây - Nam,4,3,4,Have certificate,Unknown,5.56
"Phố số 1043, Phường 11, Gò Vấp, Hồ Chí Minh",86.3,,1.5,Đông,Đông - Nam,5,5,6,Have certificate,Full,12.96
"Phố số 1044, Phường Dịch Vọng, Cầu Giấy, Hà Nội",80.3,7.1,6.5,Đông - Nam,Đông,2,4,4,Have certificate,Full,15.95
"Phố số 1045, Phường Thạch Thang, Hải Châu, Đà Nẵng",149.8,,6.1,Nam,Tây - Bắc,1,6,6,Have certificate,Full,16.13
"Phố số 1046, Phường Dịch Vọng, Cầu Giấy, Hà Nội",71.0,2.9,14.6,Tây - Nam,Tây - Nam,5,6,5,Unknown,None,16.95
"Phố số 1047, Phường Tân Phong, Quận 7, Hồ Chí Minh",49.1,,9.3,Tây,Đông - Nam,5,4,4,Have certificate,Basic,9.52
"Phố số 1048, Phường Bến Nghé, Quận 1, Hồ Chí Minh",58.8,6.5,8.2,Đông - Bắc,Unknown,2,3,3,In waiting,Basic,13.02
"Phố số 1049, Phường Thạch Thang, Hải Châu, Đà Nẵng",37.7,,11.3,Đông,Đông - Nam,2,3,3,Have certificate,Full,4.77
"Phố số 1050, Phường Bến Nghé, Quận 1, Hồ Chí Minh",35.0,4.5,9.2,Bắc,Đông - Bắc,8,5,5,Have certificate,Basic,15.97
"Phố số 1051, Phường Thạch Thang, Hải Châu, Đà Nẵng",178.5,2.5,5.4,Nam,Đông,3,9,10,Have certificate,Full,20.5
"Phố số 1052, Phường Hàng Bạc, Hoàn Kiếm, Hà Nội",75.7,3.9,12.3,Đông - Bắc,Nam,6,7,6,Have certificate,Full,39.54
"Phố số 1053, Phường Phú Cường, Thủ Dầu Một, Bình Dương",39.7,,2.5,Đông,Đông - Nam,2,4,3,Have certificate,Basic,2.53
"Phố số 1054, Phường Mỹ Đình 1, Nam Từ Liêm, Hà Nội",156.2,4.2,9.0,Bắc,Đông - Nam,2,8,8,Have certificate,Full,22.98
"Phố số 1055, Phường Hoàng Văn Thụ, Hồng Bàng, Hải Phòng",168.5,3.8,1.5,Tây,Tây,2,8,9,Have certificate,Basic,19.41
"Phố số 1056, Phường Thảo Điền, Thủ Đức, Hồ Chí Minh",81.6,2.8,8.4,Bắc,Bắc,1,5,6,Have certificate,None,13.58
"Phố số 1057, Phường Bồ Đề, Long Biên, Hà Nội",35.8,8.9,8.4,Đông - Nam,Đông,3,2,2,Have certificate,None,4.84
"Phố số 1058, Phường Thảo Điền, Thủ Đức, Hồ Chí Minh",59.5,8.2,15.0,Tây - Nam,Đông - Nam,3,4,5,Have certificate,Basic,13.89
"Phố số 1059, Phường 25, Bình Thạnh, Hồ Chí Minh",67.2,2.7,1.5,Đông - Bắc,Bắc,5,4,4,Have certificate,Full,13.67
"Phố số 1060, Phường Dịch Vọng, Cầu Giấy, Hà Nội",76.9,7.6,4.8,Đông - Bắc,Đông,1,3,2,Have certificate,Basic,12.06
"Phố số 1061, Phường Thạch Thang, Hải Châu, Đà Nẵng",42.4,4.1,11.2,Đông,Nam,2,3,3,Have certificate,Full,5.56
"Phố số 1062, Xã Xuân Quan, Văn Giang, Hưng Yên",117.0,5.0,9.0,Đông - Nam,Nam,3,6,5,Have certificate,Full,14.2
"Phố số 1063, Phường Bồ Đề, Long Biên, Hà Nội",35.0,,8.3,Nam,Nam,5,2,2,Have certificate,Basic,6.07
"Phố số 1064, Phường Thảo Điền, Thủ Đức, Hồ Chí Minh",125.9,,3.2,Nam,Đông,5,7,7,Have certificate,None,30.53
"Phố số 1065, Phường Thảo Điền, Thủ Đức, Hồ Chí Minh",138.3,,4.8,Bắc,Tây - Nam,1,6,6,Have certificate,Full,24.38
"Phố số 1066, Phường Bồ Đề, Long Biên, Hà Nội",62.5,5.0,13.1,Tây,Đông,3,5,5,Have certificate,Full,9.77
"Phố số 1067, Phường Tân Phong, Quận 7, Hồ Chí Minh",72.7,3.9,7.3,Đông - Nam,Bắc,3,5,4,Have certificate,Basic,11.52
"Phố số 1068, Phường Võ Thị Sáu, Quận 3, Hồ Chí Minh",146.4,2.5,9.2,Tây - Bắc,Nam,4,7,7,Have certificate,Full,45.0
"Phố số 1069, Phường Thảo Điền, Thủ Đức, Hồ Chí Minh",102.2,,7.0,Đông - Nam,Đông,2,6,5,Have certificate,Basic,17.8
"Phố số 1070, Phường 11, Gò Vấp, Hồ Chí Minh",63.6,2.5,2.2,Đông,Nam,1,3,3,In waiting,Full,6.97
"Phố số 1071, Phường 11, Gò Vấp, Hồ Chí Minh",67.4,4.8,11.7,Đông - Nam,Đông - Bắc,5,5,5,Have certificate,Full,12.32
"Phố số 1072, Phường Tân Phong, Quận 7, Hồ Chí Minh",95.4,2.6,9.8,Bắc,Đông - Nam,3,5,6,Have certificate,Basic,14.07
"Phố số 1073, Phường Bến Nghé, Quận 1, Hồ Chí Minh",170.9,4.3,17.9,Đông - Bắc,Đông - Nam,3,8,9,In waiting,None,45.0
"Phố số 1074, Phường Bến Nghé, Quận 1, Hồ Chí Minh",68.5,7.3,2.9,Nam,Tây,4,4,4,In waiting,Basic,21.45
"Phố số 1075, Xã Xuân Quan, Văn Giang, Hưng Yên",62.6,7.0,11.2,Đông - Bắc,Đông - Nam,1,2,2,Have certificate,None,5.35
"Phố số 1076, Phường Thảo Điền, Thủ Đức, Hồ Chí Minh",76.7,4.7,1.6,Đông - Nam,Tây - Nam,4,5,5,Have certificate,Full,16.72
"Phố số 1077, Phường Thảo Điền, Thủ Đức, Hồ Chí Minh",76.9,4.6,,Nam,Unknown,7,5,4,Have certificate,None,22.24
"Phố số 1078, Phường Khương Mai, Thanh Xuân, Hà Nội",87.5,8.2,11.9,Nam,Đông,1,4,4,Have certificate,Full,13.52
"Phố số 1079, Phường Tân Phong, Quận 7, Hồ Chí Minh",72.8,5.7,1.5,Nam,Đông - Nam,6,6,6,Have certificate,None,12.53
"Phố số 1080, Phường Phú Cường, Thủ Dầu Một, Bình Dương",129.4,4.2,,Bắc,Nam,1,7,8,Have certificate,Basic,7.53
"Phố số 1081, Phường Mỹ Đình 1, Nam Từ Liêm, Hà Nội",47.2,2.5,5.0,Đông - Bắc,Tây,3,2,2,Have certificate,Full,6.46
"Phố số 1082, Phường Bến Nghé, Quận 1, Hồ Chí Minh",92.1,,4.3,Nam,Nam,5,6,5,Have certificate,Full,31.93
"Phố số 1083, Phường Thảo Điền, Thủ Đức, Hồ Chí Minh",93.9,6.3,9.2,Nam,Đông - Bắc,3,5,6,Have certificate,Basic,17.86
"Phố số 1084, Phường Thạch Thang, Hải Châu, Đà Nẵng",49.4,3.7,12.5,Đông - Nam,Đông - Bắc,4,3,3,Have certificate,Full,7.62
"Phố số 1085, Phường Phú Cường, Thủ Dầu Một, Bình Dương",91.7,5.3,6.9,Nam,Đông,3,5,6,Have certificate,None,7.24
"Phố số 1086, Phường 25, Bình Thạnh, Hồ Chí Minh",95.0,4.1,,Đông,Đông - Bắc,5,6,6,Have certificate,Full,18.72
"Phố số 1087, Phường Dịch Vọng, Cầu Giấy, Hà Nội",35.0,4.5,8.0,Nam,Nam,2,2,2,Have certificate,Full,7.29
"Phố số 1088, Phường Võ Thị Sáu, Quận 3, Hồ Chí Minh",44.8,2.5,,Đông - Bắc,Đông,4,4,3,Have certificate,Full,11.79
"Phố số 1089, Phường Hoàng Văn Thụ, Hồng Bàng, Hải Phòng",152.2,4.4,2.6,Đông,Tây - Nam,4,9,8,Have certificate,Full,17.47
"Phố số 1090, Phường Tân Phong, Quận 7, Hồ Chí Minh",55.6,6.5,12.5,Nam,Đông - Nam,1,4,3,Have certificate,Basic,8.24
"Phố số 1091, Phường Phú Cường, Thủ Dầu Một, Bình Dương",39.6,3.7,8.8,Tây - Bắc,Nam,3,2,2,Have certificate,Basic,3.26
"Phố số 1092, Phường Dịch Vọng, Cầu Giấy, Hà Nội",35.0,4.9,9.3,Nam,Tây - Nam,4,3,3,Have certificate,None,8.3
"Phố số 1093, Phường Dịch Vọng, Cầu Giấy, Hà Nội",42.6,3.4,3.9,Nam,Tây - Nam,6,5,6,Have certificate,Full,10.67
"Phố số 1094, Phường Hàng Bạc, Hoàn Kiếm, Hà Nội",71.3,,5.4,Nam,Đông,3,4,5,Have certificate,None,26.76
"Phố số 1095, Phường Tân Phong, Quận 7, Hồ Chí Minh",38.1,4.4,6.7,Nam,Đông - Bắc,3,3,3,Have certificate,Full,5.68
"Phố số 1096, Phường Võ Thị Sáu, Quận 3, Hồ Chí Minh",102.8,3.1,1.5,Đông - Nam,Đông,3,6,5,Have certificate,None,22.72
"Phố số 1097, Phường Tân Phong, Quận 7, Hồ Chí Minh",48.9,7.2,1.5,Nam,Bắc,3,4,4,Have certificate,Full,7.63
"Phố số 1098, Phường Tân Phong, Quận 7, Hồ Chí Minh",87.8,6.5,4.8,Bắc,Đông - Bắc,3,5,5,Have certificate,Basic,12.78
"Phố số 1099, Phường Bồ Đề, Long Biên, Hà Nội",141.9,3.7,9.9,Đông - Bắc,Nam,5,7,6,In waiting,Basic,20.18
"Phố số 1100, Phường Thảo Điền, Thủ Đức, Hồ Chí Minh",137.8,,4.6,Đông - Bắc,Nam,3,7,8,Have certificate,Full,32.73
"Phố số 1101, Phường Bến Nghé, Quận 1, Hồ Chí Minh",87.1,5.8,2.9,Đông,Tây - Nam,3,5,6,Have certificate,Full,27.72
"Phố số 1102, Phường Đông Hòa, Dĩ An, Bình Dương",41.1,6.0,3.8,Đông,Bắc,3,3,3,Have certificate,Basic,3.29
"Phố số 1103, Phường Thạch Thang, Hải Châu, Đà Nẵng",73.7,2.5,5.5,Nam,Đông - Nam,3,5,5,In waiting,Full,9.35
"Phố số 1104, Phường An Hải Bắc, Sơn Trà, Đà Nẵng",88.5,,5.9,Đông - Nam,Đông,5,7,6,Have certificate,Basic,11.52
"Phố số 1105, Phường Hoàng Văn Thụ, Hồng Bàng, Hải Phòng",210.3,3.8,17.2,Nam,Đông - Nam,3,10,10,Have certificate,Basic,29.02
"Phố số 1106, Phường Võ Thị Sáu, Quận 3, Hồ Chí Minh",35.0,4.2,,Đông,Nam,4,2,1,Have certificate,Basic,9.19
"Phố số 1107, Phường Thảo Điền, Thủ Đức, Hồ Chí Minh",73.8,9.5,12.1,Đông - Nam,Tây - Nam,6,6,5,Have certificate,Unknown,20.26
"Phố số 1108, Phường Bồ Đề, Long Biên, Hà Nội",101.1,5.3,12.8,Đông - Nam,Đông - Nam,4,6,6,Have certificate,Full,17.18
"Phố số 1109, Phường Khương Mai, Thanh Xuân, Hà Nội",79.6,4.1,3.0,Nam,Tây - Nam,3,4,4,Other,Full,11.23
"Phố số 1110, Phường Võ Thị Sáu, Quận 3, Hồ Chí Minh",83.9,2.5,2.0,Nam,Bắc,2,5,5,Have certificate,Full,20.81
"Phố số 1111, Phường Mỹ Đình 1, Nam Từ Liêm, Hà Nội",50.5,7.3,2.5,Nam,Tây - Bắc,6,4,4,Unknown,Basic,7.66
"Phố số 1112, Phường Tân Phong, Quận 7, Hồ Chí Minh",116.0,2.5,13.5,Đông - Nam,Đông - Nam,4,5,5,Have certificate,None,19.92
"Phố số 1113, Phường Tân Phong, Quận 7, Hồ Chí Minh",76.9,3.0,5.0,Nam,Đông - Bắc,5,5,5,In waiting,Unknown,12.07
"Phố số 1114, Phường Hàng Bạc, Hoàn Kiếm, Hà Nội",83.7,4.2,,Nam,Bắc,1,4,5,Have certificate,None,20.72
"Phố số 1115, Phường Dịch Vọng, Cầu Giấy, Hà Nội",121.8,7.3,5.6,Đông - Nam,Đông - Nam,2,6,7,Have certificate,None,20.84
"Phố số 1116, Phường Dịch Vọng, Cầu Giấy, Hà Nội",64.6,6.2,,Nam,Nam,2,3,3,Have certificate,Unknown,11.69
"Phố số 1117, Phường Bến Nghé, Quận 1, Hồ Chí Minh",134.3,4.5,8.7,Đông - Nam,Bắc,6,8,8,Have certificate,Full,45.0
"Phố số 1118, Phường Thạch Thang, Hải Châu, Đà Nẵng",37.3,,8.6,Đông - Bắc,Đông - Nam,5,4,4,Have certificate,None,5.99
"Phố số 1119, Phường 11, Gò Vấp, Hồ Chí Minh",86.0,3.7,3.8,Nam,Tây - Bắc,4,4,3,Have certificate,Basic,12.12
"Phố số 1120, Phường Võ Thị Sáu, Quận 3, Hồ Chí Minh",48.9,5.1,10.6,Nam,Đông,7,6,5,Have certificate,Full,20.5
"Phố số 1121, Phường Thạch Thang, Hải Châu, Đà Nẵng",42.2,,4.6,Đông - Nam,Đông - Nam,3,2,3,Have certificate,Full,5.19
"Phố số 1122, Phường Đông Hòa, Dĩ An, Bình Dương",170.0,6.5,6.8,Nam,Nam,1,7,8,Have certificate,Full,10.8
"Phố số 1123, Phường Mộ Lao, Hà Đông, Hà Nội",38.4,6.5,10.6,Nam,Nam,6,4,4,Have certificate,Basic,6.42
"Phố số 1124, Phường Mỹ Đình 1, Nam Từ Liêm, Hà Nội",77.6,5.7,4.6,Unknown,Nam,2,4,4,Have certificate,Basic,9.79
"Phố số 1125, Phường Dịch Vọng, Cầu Giấy, Hà Nội",36.8,4.1,4.9,Tây,Đông,2,3,2,Have certificate,Full,7.69
"Phố số 1126, Phường Hàng Bạc, Hoàn Kiếm, Hà Nội",130.4,6.1,,Đông - Nam,Đông,3,7,7,Have certificate,Basic,45.0
"Phố số 1127, Phường Bến Nghé, Quận 1, Hồ Chí Minh",61.4,4.6,3.6,Tây - Nam,Đông,5,4,4,Have certificate,Full,21.61
"Phố số 1128, Phường Thảo Điền, Thủ Đức, Hồ Chí Minh",121.5,2.9,5.8,Nam,Đông - Nam,3,7,7,Have certificate,None,25.77
"Phố số 1129, Phường Thảo Điền, Thủ Đức, Hồ Chí Minh",99.5,4.1,10.0,Đông - Nam,Tây,4,4,5,Have certificate,Basic,20.4
"Phố số 1130, Phường Tân Phong, Quận 7, Hồ Chí Minh",195.5,5.0,16.7,Đông - Bắc,Đông,1,9,8,Have certificate,Unknown,27.61
"Phố số 1131, Phường Khương Mai, Thanh Xuân, Hà Nội",35.0,6.4,10.2,Đông - Nam,Tây,2,3,3,Have certificate,Full,5.81
"Phố số 1132, Phường 25, Bình Thạnh, Hồ Chí Minh",44.6,4.5,9.6,Đông,Tây,3,2,2,Have certificate,None,6.96
"Phố số 1133, Phường Bến Nghé, Quận 1, Hồ Chí Minh",118.4,2.6,9.9,Tây - Nam,Nam,1,5,6,Have certificate,Full,33.03
"Phố số 1134, Phường Tân Phong, Quận 7, Hồ Chí Minh",88.0,4.9,2.7,Tây - Nam,Đông - Nam,1,3,4,Have certificate,Full,10.12
"Phố số 1135, Phường Khương Mai, Thanh Xuân, Hà Nội",66.9,5.0,8.0,Unknown,Bắc,4,4,4,Have certificate,Basic,12.98
"Phố số 1136, Phường Bến Nghé, Quận 1, Hồ Chí Minh",178.3,5.1,7.4,Tây,Đông - Bắc,3,10,10,In waiting,Basic,45.0
"Phố số 1137, Phường Mộ Lao, Hà Đông, Hà Nội",75.0,,8.9,Tây,Đông - Nam,5,5,5,Have certificate,Unknown,11.92
"Phố số 1138, Phường 25, Bình Thạnh, Hồ Chí Minh",49.8,6.6,8.0,Nam,Đông - Bắc,2,3,2,Have certificate,Basic,6.82
"Phố số 1139, Phường 25, Bình Thạnh, Hồ Chí Minh",122.2,3.7,9.2,Đông - Nam,Đông - Nam,4,5,5,Have certificate,None,21.03
"Phố số 1140, Phường Dịch Vọng, Cầu Giấy, Hà Nội",76.3,3.7,,Đông - Bắc,Đông - Nam,3,4,4,Have certificate,Full,14.44
"Phố số 1141, Phường Mỹ Đình 1, Nam Từ Liêm, Hà Nội",79.2,,,Unknown,Đông,1,4,4,Have certificate,Full,9.8
"Phố số 1142, Phường 11, Gò Vấp, Hồ Chí Minh",103.4,6.1,2.0,Đông,Đông - Nam,3,6,7,Have certificate,Basic,13.24
"Phố số 1143, Phường Khương Mai, Thanh Xuân, Hà Nội",105.4,7.4,6.1,Unknown,Tây - Bắc,2,5,5,Have certificate,Full,16.66
"Phố số 1144, Phường Hàng Bạc, Hoàn Kiếm, Hà Nội",44.3,4.2,13.8,Đông - Nam,Bắc,5,4,4,Have certificate,Unknown,18.72
"Phố số 1145, Phường 11, Gò Vấp, Hồ Chí Minh",65.0,4.4,8.9,Nam,Tây - Nam,5,4,4,Have certificate,Basic,9.11
"Phố số 1146, Phường Thạch Thang, Hải Châu, Đà Nẵng",35.0,7.4,7.4,Đông - Nam,Đông - Nam,6,4,3,Have certificate,Basic,5.45
"Phố số 1147, Phường Mỹ Đình 1, Nam Từ Liêm, Hà Nội",88.7,5.7,16.0,Đông,Nam,3,5,5,Have certificate,Basic,16.58
"Phố số 1148, Phường Dịch Vọng, Cầu Giấy, Hà Nội",168.6,,1.5,Tây,Nam,2,7,6,Have certificate,Basic,26.52
"Phố số 1149, Phường Mộ Lao, Hà Đông, Hà Nội",45.3,2.7,,Nam,Đông,1,2,2,Have certificate,Full,4.43
"Phố số 1150, Phường Mộ Lao, Hà Đông, Hà Nội",35.0,6.0,15.2,Bắc,Đông - Nam,2,3,3,Have certificate,Basic,4.28
"Phố số 1151, Phường Khương Mai, Thanh Xuân, Hà Nội",54.1,3.1,7.7,Đông,Đông,1,1,1,Have certificate,Basic,7.3
"Phố số 1152, Phường Mộ Lao, Hà Đông, Hà Nội",66.7,2.8,6.4,Đông,Nam,3,3,2,Have certificate,Unknown,6.84
"Phố số 1153, Phường Khương Mai, Thanh Xuân, Hà Nội",105.8,,,Tây,Tây - Bắc,4,8,8,In waiting,Full,17.59
"Phố số 1154, Phường Khương Mai, Thanh Xuân, Hà Nội",63.2,3.7,9.5,Đông - Nam,Tây - Bắc,5,4,4,Have certificate,Basic,12.65
"Phố số 1155, Phường Dịch Vọng, Cầu Giấy, Hà Nội",89.4,4.4,10.0,Tây,Đông,1,5,4,Have certificate,Full,18.58
"Phố số 1156, Phường Bồ Đề, Long Biên, Hà Nội",58.2,2.5,2.6,Nam,Tây - Nam,1,3,3,In waiting,Full,5.04
"Phố số 1157, Phường Võ Thị Sáu, Quận 3, Hồ Chí Minh",68.5,6.5,6.9,Nam,Đông - Nam,5,5,5,Have certificate,Basic,22.49
"Phố số 1158, Phường Thạch Thang, Hải Châu, Đà Nẵng",49.0,6.8,6.0,Tây - Nam,Đông - Nam,2,3,3,Have certificate,Full,5.67
"Phố số 1159, Phường Thạch Thang, Hải Châu, Đà Nẵng",41.1,2.5,8.7,Bắc,Bắc,1,2,3,Have certificate,Basic,5.0
"Phố số 1160, Phường Bến Nghé, Quận 1, Hồ Chí Minh",107.6,6.6,2.5,Tây - Nam,Tây - Nam,8,8,8,Have certificate,Basic,45.0
"Phố số 1161, Phường Mỹ Đình 1, Nam Từ Liêm, Hà Nội",60.2,3.3,13.1,Tây - Nam,Đông - Nam,2,3,3,Have certificate,Full,8.29
"Phố số 1162, Phường Võ Thị Sáu, Quận 3, Hồ Chí Minh",92.6,6.3,11.6,Tây,Đông,5,6,5,Other,Basic,27.27
"Phố số 1163, Phường 11, Gò Vấp, Hồ Chí Minh",48.6,4.7,5.9,Nam,Tây - Bắc,3,3,4,Have certificate,Full,7.19
"Phố số 1164, Phường Bồ Đề, Long Biên, Hà Nội",75.3,4.9,,Tây,Nam,2,4,3,In waiting,None,6.66
"Phố số 1165, Phường Võ Thị Sáu, Quận 3, Hồ Chí Minh",35.0,4.5,6.9,Đông,Đông - Nam,8,4,3,Have certificate,Full,12.12
"Phố số 1166, Phường Mỹ Đình 1, Nam Từ Liêm, Hà Nội",62.5,7.0,4.0,Đông - Nam,Tây - Bắc,3,3,2,Have certificate,Full,10.26
"Phố số 1167, Phường Mộ Lao, Hà Đông, Hà Nội",51.3,2.6,,Nam,Đông,4,5,5,Have certificate,Basic,7.29
"Phố số 1168, Phường Hàng Bạc, Hoàn Kiếm, Hà Nội",127.9,5.9,6.3,Nam,Nam,4,6,6,Have certificate,Unknown,45.0
"Phố số 1169, Phường Bến Nghé, Quận 1, Hồ Chí Minh",37.6,6.8,14.8,Nam,Nam,4,4,5,Have certificate,None,14.68
"Phố số 1170, Phường 11, Gò Vấp, Hồ Chí Minh",69.9,6.1,11.8,Nam,Bắc,8,6,6,Other,Full,13.35
"Phố số 1171, Phường Dịch Vọng, Cầu Giấy, Hà Nội",88.1,9.0,11.7,Đông - Nam,Tây,4,6,6,Have certificate,Full,23.33
"Phố số 1172, Xã Xuân Quan, Văn Giang, Hưng Yên",119.5,3.8,9.2,Tây - Nam,Nam,2,6,6,Have certificate,Basic,12.37
"Phố số 1173, Phường Dịch Vọng, Cầu Giấy, Hà Nội",111.8,6.5,2.5,Tây - Nam,Đông - Nam,1,4,4,In waiting,None,12.11
"Phố số 1174, Phường Tân Phong, Quận 7, Hồ Chí Minh",72.6,4.6,,Tây - Nam,Nam,2,4,5,Have certificate,Full,10.76
"Phố số 1175, Phường Dịch Vọng, Cầu Giấy, Hà Nội",77.7,7.0,11.9,Nam,Đông - Nam,1,4,4,Have certificate,Full,14.42
"Phố số 1176, Phường Hàng Bạc, Hoàn Kiếm, Hà Nội",127.9,4.8,1.8,Đông - Bắc,Đông - Nam,4,6,6,In waiting,Full,37.81
"Phố số 1177, Phường Bồ Đề, Long Biên, Hà Nội",72.0,4.1,10.4,Đông - Nam,Nam,3,6,6,Have certificate,Full,8.35
"Phố số 1178, Phường Võ Thị Sáu, Quận 3, Hồ Chí Minh",81.8,,18.0,Tây - Nam,Đông - Nam,2,5,5,In waiting,Basic,19.32
"Phố số 1179, Phường Bồ Đề, Long Biên, Hà Nội",129.8,3.9,12.3,Nam,Tây - Bắc,2,7,6,Have certificate,Full,16.7
"Phố số 1180, Phường Hàng Bạc, Hoàn Kiếm, Hà Nội",208.4,2.5,13.9,Đông,Đông - Nam,6,10,10,Have certificate,Full,45.0
"Phố số 1181, Phường Đông Hòa, Dĩ An, Bình Dương",85.2,,8.5,Nam,Nam,4,4,4,Have certificate,Full,8.93
"Phố số 1182, Phường 11, Gò Vấp, Hồ Chí Minh",96.4,5.9,,Tây,Đông - Nam,2,5,6,Have certificate,Full,10.94
"Phố số 1183, Phường Dịch Vọng, Cầu Giấy, Hà Nội",110.3,7.3,4.3,Bắc,Tây - Nam,1,6,6,Have certificate,Full,18.83
"Phố số 1184, Phường Phú Cường, Thủ Dầu Một, Bình Dương",129.3,,11.1,Đông - Bắc,Đông - Nam,3,7,8,Have certificate,Basic,11.27
"Phố số 1185, Phường Võ Thị Sáu, Quận 3, Hồ Chí Minh",120.9,7.2,10.4,Đông - Nam,Đông,3,6,6,Have certificate,None,24.47
"Phố số 1186, Phường Phú Cường, Thủ Dầu Một, Bình Dương",55.9,2.5,8.8,Nam,Đông - Bắc,7,4,4,Other,Full,5.28
"Phố số 1187, Phường Khương Mai, Thanh Xuân, Hà Nội",87.9,4.0,13.4,Bắc,Tây - Bắc,5,5,5,Have certificate,Basic,18.98
"Phố số 1188, Phường Bến Nghé, Quận 1, Hồ Chí Minh",121.3,,5.1,Đông,Tây - Nam,8,7,8,Other,None,45.0
"Phố số 1189, Phường 11, Gò Vấp, Hồ Chí Minh",142.0,4.6,6.7,Tây - Bắc,Đông - Nam,3,7,7,Have certificate,Full,20.9
"Phố số 1190, Phường Khương Mai, Thanh Xuân, Hà Nội",70.0,5.0,7.9,Nam,Đông - Nam,2,3,3,Have certificate,Full,9.44
"Phố số 1191, Phường Bến Nghé, Quận 1, Hồ Chí Minh",86.9,6.0,2.9,Tây - Bắc,Đông - Bắc,5,6,5,Have certificate,Full,32.28
"Phố số 1192, Phường Dịch Vọng, Cầu Giấy, Hà Nội",91.7,4.0,8.5,Tây - Bắc,Đông - Nam,1,4,4,Unknown,Basic,11.98
"Phố số 1193, Phường 11, Gò Vấp, Hồ Chí Minh",76.5,5.1,,Tây - Nam,Nam,6,5,6,Have certificate,Basic,13.64
"Phố số 1194, Phường Dịch Vọng, Cầu Giấy, Hà Nội",85.8,,12.2,Đông - Nam,Unknown,3,4,4,Have certificate,Full,17.38
"Phố số 1195, Phường Bến Nghé, Quận 1, Hồ Chí Minh",35.0,3.1,7.7,Đông,Tây,1,2,3,Have certificate,None,8.54
"Phố số 1196, Phường Thạch Thang, Hải Châu, Đà Nẵng",268.4,4.6,5.2,Bắc,Tây,3,10,10,Have certificate,Basic,35.75
"Phố số 1197, Xã Xuân Quan, Văn Giang, Hưng Yên",68.5,4.5,3.7,Bắc,Tây,5,5,4,In waiting,Full,8.67
"Phố số 1198, Phường Đông Hòa, Dĩ An, Bình Dương",71.2,4.5,6.4,Đông - Nam,Tây - Nam,4,5,5,Have certificate,Basic,6.51
"Phố số 1199, Phường Bồ Đề, Long Biên, Hà Nội",35.0,4.9,10.6,Nam,Đông - Bắc,3,2,2,In waiting,Full,4.75
"Phố số 1200, Phường Võ Thị Sáu, Quận 3, Hồ Chí Minh",35.0,4.9,10.0,Tây,Nam,4,3,2,Have certificate,Basic,9.63
"Phố số 1201, Phường Bồ Đề, Long Biên, Hà Nội",94.8,4.0,4.3,Tây - Nam,Unknown,3,5,5,In waiting,Full,11.39
"Phố số 1202, Phường Bến Nghé, Quận 1, Hồ Chí Minh",121.6,,3.7,Tây,Nam,4,8,8,Have certificate,Basic,42.56
"Phố số 1203, Phường Bến Nghé, Quận 1, Hồ Chí Minh",111.1,2.7,10.5,Tây,Tây - Nam,2,5,5,Have certificate,Full,30.76
"Phố số 1204, Phường 11, Gò Vấp, Hồ Chí Minh",48.5,3.5,4.2,Bắc,Nam,7,5,4,Have certificate,Basic,9.62
"Phố số 1205, Phường 25, Bình Thạnh, Hồ Chí Minh",108.1,9.8,7.8,Đông - Nam,Đông - Nam,3,5,6,Have certificate,Full,16.98
"Phố số 1206, Phường Bồ Đề, Long Biên, Hà Nội",70.6,2.9,8.1,Đông - Nam,Đông,4,5,5,Have certificate,Basic,10.35
"Phố số 1207, Phường Khương Mai, Thanh Xuân, Hà Nội",62.2,2.5,8.9,Đông - Nam,Nam,6,6,6,Have certificate,Full,13.6
"Phố số 1208, Phường 25, Bình Thạnh, Hồ Chí Minh",35.6,6.1,11.4,Tây - Bắc,Đông,4,2,2,Have certificate,Full,8.02
"Phố số 1209, Phường 11, Gò Vấp, Hồ Chí Minh",51.7,2.5,,Đông,Đông,2,3,2,Have certificate,Full,6.4
"Phố số 1210, Phường Hoàng Văn Thụ, Hồng Bàng, Hải Phòng",95.8,4.4,1.5,Đông - Nam,Đông,6,6,6,Have certificate,Full,16.51
"Phố số 1211, Phường Thảo Điền, Thủ Đức, Hồ Chí Minh",87.5,8.7,4.9,Nam,Đông - Nam,2,5,5,Have certificate,Basic,17.81
"Phố số 1212, Phường 25, Bình Thạnh, Hồ Chí Minh",81.3,2.5,15.6,Nam,Nam,3,4,4,Have certificate,Unknown,15.07
"Phố số 1213, Phường Võ Thị Sáu, Quận 3, Hồ Chí Minh",35.0,,16.6,Tây,Tây,3,2,2,Unknown,Basic,9.07
"Phố số 1214, Phường Mỹ Đình 1, Nam Từ Liêm, Hà Nội",81.8,,15.7,Đông - Bắc,Nam,4,5,5,Have certificate,None,14.3
"Phố số 1215, Phường Khương Mai, Thanh Xuân, Hà Nội",55.5,6.4,6.6,Đông - Bắc,Nam,6,5,5,Have certificate,Full,11.14
"Phố số 1216, Phường Tân Phong, Quận 7, Hồ Chí Minh",87.8,,1.5,Đông - Nam,Đông,4,5,5,Have certificate,Full,14.03
"Phố số 1217, Phường Bến Nghé, Quận 1, Hồ Chí Minh",131.1,3.9,1.5,Bắc,Tây,7,9,9,Have certificate,Basic,45.0
"Phố số 1218, Phường Khương Mai, Thanh Xuân, Hà Nội",59.7,,4.7,Đông - Nam,Tây - Nam,2,3,3,Have certificate,Unknown,6.14
"Phố số 1219, Phường Dịch Vọng, Cầu Giấy, Hà Nội",78.9,7.3,6.6,Tây - Nam,Đông - Nam,1,3,3,Have certificate,Basic,13.97
"Phố số 1220, Phường 11, Gò Vấp, Hồ Chí Minh",177.8,,13.4,Đông - Nam,Tây,6,10,10,Have certificate,Full,35.15
"Phố số 1221, Phường Đông Hòa, Dĩ An, Bình Dương",85.7,4.4,11.4,Đông - Nam,Tây,3,5,5,Have certificate,Full,8.77
"Phố số 1222, Phường Võ Thị Sáu, Quận 3, Hồ Chí Minh",74.2,2.5,8.5,Đông - Nam,Đông - Bắc,4,4,3,Have certificate,Full,22.58
"Phố số 1223, Phường 25, Bình Thạnh, Hồ Chí Minh",48.9,3.3,,Tây - Nam,Đông,2,2,1,Have certificate,Full,6.53
"Phố số 1224, Phường Phú Cường, Thủ Dầu Một, Bình Dương",109.5,4.0,3.2,Tây - Nam,Đông - Bắc,1,6,6,Other,Basic,5.35
"Phố số 1225, Phường Thảo Điền, Thủ Đức, Hồ Chí Minh",44.6,4.3,8.6,Đông - Nam,Đông,4,4,3,In waiting,Full,9.74
"Phố số 1226, Phường Dịch Vọng, Cầu Giấy, Hà Nội",133.8,4.5,,Nam,Đông - Bắc,5,7,7,Have certificate,None,27.17
"Phố số 1227, Phường Thảo Điền, Thủ Đức, Hồ Chí Minh",102.2,,9.3,Bắc,Bắc,5,6,6,Have certificate,None,24.94
"Phố số 1228, Phường 11, Gò Vấp, Hồ Chí Minh",56.5,7.1,2.8,Đông - Nam,Bắc,2,3,3,Have certificate,None,6.23
"Phố số 1229, Xã Xuân Quan, Văn Giang, Hưng Yên",49.8,4.5,10.4,Đông - Nam,Đông,2,3,4,Have certificate,None,4.13
"Phố số 1230, Phường Thảo Điền, Thủ Đức, Hồ Chí Minh",50.4,6.8,9.4,Đông,Tây,3,4,4,Have certificate,Full,11.99
"Phố số 1231, Phường Thạch Thang, Hải Châu, Đà Nẵng",35.0,,2.7,Tây,Đông - Nam,7,4,4,Have certificate,Unknown,5.86
"Phố số 1232, Phường Tân Phong, Quận 7, Hồ Chí Minh",93.7,4.9,4.0,Nam,Đông - Nam,3,5,5,Have certificate,Full,15.3
"Phố số 1233, Phường Tân Phong, Quận 7, Hồ Chí Minh",35.0,6.4,10.6,Unknown,Đông,5,3,4,Have certificate,None,6.43
"Phố số 1234, Phường Bến Nghé, Quận 1, Hồ Chí Minh",71.9,4.9,6.4,Nam,Tây - Nam,6,6,6,In waiting,Full,30.7
"Phố số 1235, Phường Dịch Vọng, Cầu Giấy, Hà Nội",69.6,8.5,14.7,Nam,Đông - Nam,1,4,5,Other,Full,11.02
"Phố số 1236, Phường Thảo Điền, Thủ Đức, Hồ Chí Minh",63.6,2.5,9.8,Đông - Nam,Đông,1,3,4,Have certificate,Full,11.52
"Phố số 1237, Phường Mộ Lao, Hà Đông, Hà Nội",93.4,3.9,5.3,Đông - Bắc,Đông - Nam,4,7,7,Have certificate,Full,11.41
"Phố số 1238, Phường 25, Bình Thạnh, Hồ Chí Minh",56.5,4.6,7.5,Nam,Tây - Nam,1,2,2,Have certificate,None,6.68
"Phố số 1239, Phường Đông Hòa, Dĩ An, Bình Dương",81.9,5.6,7.8,Tây - Nam,Tây,1,5,6,In waiting,None,4.96
"Phố số 1240, Phường Tân Phong, Quận 7, Hồ Chí Minh",133.8,7.1,4.2,Nam,Đông - Bắc,8,8,8,Other,Basic,25.66
"Phố số 1241, Phường Mộ Lao, Hà Đông, Hà Nội",98.7,4.8,3.4,Nam,Nam,5,6,6,Have certificate,Basic,13.62
"Phố số 1242, Phường Bồ Đề, Long Biên, Hà Nội",60.8,,10.7,Bắc,Unknown,5,5,5,Have certificate,Basic,9.71
"Phố số 1243, Phường Bồ Đề, Long Biên, Hà Nội",75.3,6.3,11.3,Đông - Bắc,Tây - Nam,5,6,6,Have certificate,Full,12.44
"Phố số 1244, Phường Mộ Lao, Hà Đông, Hà Nội",63.7,6.2,10.2,Đông - Nam,Tây,6,5,4,Have certificate,Basic,10.78
"Phố số 1245, Phường Bồ Đề, Long Biên, Hà Nội",69.1,2.5,14.3,Tây - Nam,Tây - Nam,3,4,4,Have certificate,Basic,9.14
"Phố số 1246, Phường Dịch Vọng, Cầu Giấy, Hà Nội",83.1,4.8,5.1,Tây - Nam,Unknown,5,5,5,Have certificate,Basic,19.15
"Phố số 1247, Phường Võ Thị Sáu, Quận 3, Hồ Chí Minh",35.0,2.5,15.0,Đông - Nam,Tây,4,2,3,Other,Unknown,8.6
"Phố số 1248, Phường Bến Nghé, Quận 1, Hồ Chí Minh",35.0,3.6,3.4,Đông,Đông,3,3,3,Have certificate,Basic,10.85
"Phố số 1249, Phường An Hải Bắc, Sơn Trà, Đà Nẵng",46.7,3.2,2.9,Nam,Nam,1,2,3,Have certificate,Full,3.71
"Phố số 1250, Phường Dịch Vọng, Cầu Giấy, Hà Nội",95.5,6.3,1.5,Đông,Tây - Nam,3,6,6,Have certificate,None,15.45
"Phố số 1251, Phường Mỹ Đình 1, Nam Từ Liêm, Hà Nội",101.7,5.0,5.5,Tây,Tây - Nam,5,7,7,Have certificate,None,17.07
"Phố số 1252, Phường 25, Bình Thạnh, Hồ Chí Minh",108.9,,5.2,Đông - Nam,Tây - Nam,3,5,5,Have certificate,Unknown,17.64
"Phố số 1253, Phường Võ Thị Sáu, Quận 3, Hồ Chí Minh",47.7,6.4,9.9,Đông - Nam,Nam,1,2,2,Other,Basic,8.33
"Phố số 1254, Phường Võ Thị Sáu, Quận 3, Hồ Chí Minh",78.6,2.5,8.6,Nam,Nam,3,4,5,Have certificate,Full,16.88
"Phố số 1255, Phường Khương Mai, Thanh Xuân, Hà Nội",61.8,5.4,2.1,Tây - Bắc,Đông,2,4,4,Have certificate,Full,9.14
"Phố số 1256, Phường 25, Bình Thạnh, Hồ Chí Minh",70.5,3.3,5.7,Đông - Bắc,Tây,3,4,5,Have certificate,Full,14.92
"Phố số 1257, Phường Tân Phong, Quận 7, Hồ Chí Minh",61.2,4.1,5.8,Đông - Nam,Đông - Bắc,5,7,7,Have certificate,Basic,12.04
"Phố số 1258, Phường 25, Bình Thạnh, Hồ Chí Minh",85.3,5.7,1.5,Đông,Đông - Nam,3,5,4,Have certificate,Full,11.87
"Phố số 1259, Phường Bến Nghé, Quận 1, Hồ Chí Minh",53.0,5.7,3.1,Nam,Đông - Nam,2,3,2,Have certificate,Basic,13.67
"Phố số 1260, Phường Dịch Vọng, Cầu Giấy, Hà Nội",126.8,7.2,4.0,Tây - Nam,Đông - Nam,2,7,7,Have certificate,None,20.6
"Phố số 1261, Phường 11, Gò Vấp, Hồ Chí Minh",127.3,,14.0,Đông,Đông - Nam,2,6,6,Have certificate,Unknown,15.94
"Phố số 1262, Phường Mỹ Đình 1, Nam Từ Liêm, Hà Nội",94.1,5.4,8.4,Tây - Bắc,Đông - Nam,8,6,6,Have certificate,Full,20.08
"Phố số 1263, Phường 11, Gò Vấp, Hồ Chí Minh",119.9,4.0,10.5,Đông - Nam,Đông - Bắc,3,6,6,Have certificate,Full,16.55
"Phố số 1264, Phường 25, Bình Thạnh, Hồ Chí Minh",35.0,5.1,1.5,Tây - Nam,Bắc,6,4,4,Have certificate,None,7.32
"Phố số 1265, Phường Bến Nghé, Quận 1, Hồ Chí Minh",130.3,5.6,12.9,Đông - Bắc,Nam,3,6,6,Have certificate,Basic,45.0
"Phố số 1266, Phường Bến Nghé, Quận 1, Hồ Chí Minh",89.8,4.6,13.4,Tây,Đông,4,6,6,Have certificate,None,31.91
"Phố số 1267, Phường Thảo Điền, Thủ Đức, Hồ Chí Minh",54.6,2.5,1.5,Đông,Đông - Bắc,1,3,4,Have certificate,None,8.93
"Phố số 1268, Phường 25, Bình Thạnh, Hồ Chí Minh",51.8,5.4,4.3,Đông - Bắc,Tây - Bắc,1,2,2,Have certificate,Full,6.81
"Phố số 1269, Phường Dịch Vọng, Cầu Giấy, Hà Nội",151.0,,9.7,Nam,Bắc,1,8,7,Have certificate,Full,25.66
"Phố số 1270, Phường 11, Gò Vấp, Hồ Chí Minh",109.7,3.6,,Đông,Đông - Nam,2,5,5,Have certificate,Basic,12.24
"Phố số 1271, Phường Khương Mai, Thanh Xuân, Hà Nội",69.6,,4.4,Bắc,Đông - Nam,5,5,5,Have certificate,Basic,11.44
"Phố số 1272, Phường Mộ Lao, Hà Đông, Hà Nội",35.0,7.5,6.1,Tây - Bắc,Đông - Nam,3,2,2,In waiting,Full,3.77
"Phố số 1273, Phường Bồ Đề, Long Biên, Hà Nội",133.4,5.7,4.8,Đông - Bắc,Tây - Nam,3,6,7,Have certificate,Basic,18.68
"Phố số 1274, Phường Bến Nghé, Quận 1, Hồ Chí Minh",41.2,4.4,8.0,Nam,Đông - Bắc,2,3,4,In waiting,None,11.17
"Phố số 1275, Phường 25, Bình Thạnh, Hồ Chí Minh",62.4,2.8,12.9,Tây,Nam,2,5,5,Have certificate,Full,11.03
"Phố số 1276, Phường Võ Thị Sáu, Quận 3, Hồ Chí Minh",69.6,3.3,4.0,Đông - Nam,Tây,2,4,4,In waiting,Unknown,12.76
"Phố số 1277, Phường Tân Phong, Quận 7, Hồ Chí Minh",51.4,7.1,12.0,Đông - Nam,Đông,2,2,2,In waiting,Basic,7.79
"Phố số 1278, Xã Xuân Quan, Văn Giang, Hưng Yên",68.0,5.0,4.0,Tây - Nam,Unknown,3,4,5,In waiting,None,6.12
"Phố số 1279, Phường Võ Thị Sáu, Quận 3, Hồ Chí Minh",74.7,3.8,3.7,Nam,Đông - Nam,2,3,3,Have certificate,Full,16.54
"Phố số 1280, Phường 25, Bình Thạnh, Hồ Chí Minh",67.4,5.7,11.2,Tây - Bắc,Đông - Nam,2,4,4,In waiting,Full,10.92
"Phố số 1281, Phường Dịch Vọng, Cầu Giấy, Hà Nội",87.4,,,Đông,Nam,3,5,6,Have certificate,Full,14.85
"Phố số 1282, Phường Khương Mai, Thanh Xuân, Hà Nội",153.6,7.5,11.3,Đông,Đông - Nam,3,7,7,Have certificate,Full,27.68
"Phố số 1283, Phường Hàng Bạc, Hoàn Kiếm, Hà Nội",35.0,7.2,1.6,Đông - Bắc,Đông - Bắc,5,4,4,Have certificate,Full,14.3
"Phố số 1284, Phường Bến Nghé, Quận 1, Hồ Chí Minh",80.9,,,Đông - Bắc,Đông - Nam,2,4,5,Have certificate,None,21.52
"Phố số 1285, Phường 11, Gò Vấp, Hồ Chí Minh",41.5,3.7,11.2,Đông,Đông - Bắc,3,3,4,Have certificate,Full,5.93
"Phố số 1286, Phường Hàng Bạc, Hoàn Kiếm, Hà Nội",35.0,2.5,7.7,Đông - Nam,Đông - Nam,3,2,2,Have certificate,Unknown,11.88
"Phố số 1287, Phường Bến Nghé, Quận 1, Hồ Chí Minh",115.6,,2.7,Tây,Nam,2,7,7,In waiting,Basic,27.14
"Phố số 1288, Phường Thảo Điền, Thủ Đức, Hồ Chí Minh",84.3,2.5,9.6,Nam,Tây,6,6,6,Have certificate,Full,24.7
"Phố số 1289, Phường Bến Nghé, Quận 1, Hồ Chí Minh",35.0,5.0,4.3,Đông - Nam,Tây - Bắc,5,4,5,In waiting,Basic,10.87
"Phố số 1290, Phường Bến Nghé, Quận 1, Hồ Chí Minh",68.0,4.2,15.6,Tây - Nam,Nam,3,4,5,Have certificate,Unknown,24.39
"Phố số 1291, Phường Thảo Điền, Thủ Đức, Hồ Chí Minh",35.0,2.5,14.5,Đông - Nam,Tây - Bắc,1,2,2,Have certificate,Basic,6.96
"Phố số 1292, Phường Võ Thị Sáu, Quận 3, Hồ Chí Minh",46.8,4.3,,Unknown,Tây - Nam,3,3,3,Have certificate,Full,12.34
"Phố số 1293, Phường Hàng Bạc, Hoàn Kiếm, Hà Nội",35.0,,13.6,Tây - Nam,Nam,5,3,2,Have certificate,None,13.52
"Phố số 1294, Phường Khương Mai, Thanh Xuân, Hà Nội",69.2,5.8,7.8,Unknown,Tây,1,3,3,Have certificate,Full,10.01
"Phố số 1295, Phường Mỹ Đình 1, Nam Từ Liêm, Hà Nội",103.4,2.5,10.9,Nam,Nam,2,5,5,Have certificate,Basic,13.7
"Phố số 1296, Phường Tân Phong, Quận 7, Hồ Chí Minh",98.5,4.6,14.1,Unknown,Nam,3,6,6,Have certificate,Basic,19.62
"Phố số 1297, Phường Võ Thị Sáu, Quận 3, Hồ Chí Minh",61.5,2.5,,Đông - Nam,Tây - Nam,2,3,3,Have certificate,Full,14.05
"Phố số 1298, Phường Võ Thị Sáu, Quận 3, Hồ Chí Minh",118.2,6.4,6.4,Đông - Nam,Nam,2,5,5,Have certificate,Full,27.95
"Phố số 1299, Phường Dịch Vọng, Cầu Giấy, Hà Nội",138.7,6.2,,Đông - Nam,Đông - Nam,1,8,9,Have certificate,None,22.58
"Phố số 1300, Phường Khương Mai, Thanh Xuân, Hà Nội",104.3,3.2,,Đông,Đông - Nam,3,5,4,Have certificate,None,16.91
"Phố số 1301, Phường Bến Nghé, Quận 1, Hồ Chí Minh",56.4,3.4,11.2,Đông - Nam,Đông - Bắc,4,4,4,Have certificate,Basic,20.08
"Phố số 1302, Phường Phú Cường, Thủ Dầu Một, Bình Dương",70.3,4.0,11.8,Đông,Tây - Nam,3,5,5,In waiting,Full,4.9
"Phố số 1303, Phường Bến Nghé, Quận 1, Hồ Chí Minh",151.4,2.5,,Nam,Nam,4,9,9,Have certificate,Full,44.12
"Phố số 1304, Phường Hàng Bạc, Hoàn Kiếm, Hà Nội",63.8,5.4,5.1,Nam,Bắc,3,2,2,Other,Full,17.27
"Phố số 1305, Phường Khương Mai, Thanh Xuân, Hà Nội",98.7,4.3,1.5,Tây - Nam,Nam,5,7,6,In waiting,Basic,16.0
"Phố số 1306, Phường Thạch Thang, Hải Châu, Đà Nẵng",51.1,6.5,5.3,Đông - Nam,Đông - Bắc,8,5,5,Have certificate,Full,9.81
"Phố số 1307, Phường Khương Mai, Thanh Xuân, Hà Nội",118.5,2.8,,Đông - Bắc,Bắc,3,6,5,Have certificate,Full,17.73
"Phố số 1308, Phường Mỹ Đình 1, Nam Từ Liêm, Hà Nội",48.0,3.7,6.1,Tây - Nam,Tây,2,3,2,Have certificate,Basic,6.18
"Phố số 1309, Phường 11, Gò Vấp, Hồ Chí Minh",71.8,2.5,10.3,Bắc,Đông,5,5,5,Have certificate,Basic,13.76
"Phố số 1310, Phường Mỹ Đình 1, Nam Từ Liêm, Hà Nội",97.0,3.0,16.4,Nam,Tây - Nam,3,5,5,Have certificate,None,17.13
"Phố số 1311, Phường Bến Nghé, Quận 1, Hồ Chí Minh",165.9,2.7,8.1,Unknown,Nam,1,7,7,Other,Basic,39.42
"Phố số 1312, Phường Thạch Thang, Hải Châu, Đà Nẵng",83.5,6.6,6.5,Tây - Nam,Tây - Nam,4,5,5,Have certificate,Basic,10.98
"Phố số 1313, Phường Hàng Bạc, Hoàn Kiếm, Hà Nội",65.8,3.5,,Unknown,Nam,1,3,3,Unknown,Full,16.18
"Phố số 1314, Phường Mỹ Đình 1, Nam Từ Liêm, Hà Nội",63.3,5.0,,Đông - Nam,Nam,1,4,4,In waiting,Basic,6.67
"Phố số 1315, Phường 25, Bình Thạnh, Hồ Chí Minh",116.1,,3.8,Đông - Bắc,Đông - Nam,2,6,6,Other,Basic,15.53
"Phố số 1316, Phường Dịch Vọng, Cầu Giấy, Hà Nội",93.3,2.5,8.0,Tây,Đông - Nam,1,4,4,Have certificate,Basic,15.18
"Phố số 1317, Phường Hàng Bạc, Hoàn Kiếm, Hà Nội",102.5,4.5,9.5,Đông - Nam,Đông,3,6,7,Have certificate,Full,37.07
"Phố số 1318, Phường Bồ Đề, Long Biên, Hà Nội",146.3,5.9,8.4,Tây - Nam,Tây,5,9,8,Have certificate,Basic,21.11
"Phố số 1319, Phường Bến Nghé, Quận 1, Hồ Chí Minh",77.2,2.6,9.6,Tây,Đông - Nam,4,5,5,Have certificate,None,26.29
"Phố số 1320, Phường Bến Nghé, Quận 1, Hồ Chí Minh",90.2,6.3,,Tây - Nam,Đông - Nam,3,5,5,Have certificate,Basic,26.74
"Phố số 1321, Phường Tân Phong, Quận 7, Hồ Chí Minh",62.9,3.3,1.5,Đông - Nam,Đông,3,4,3,Have certificate,Basic,9.26
"Phố số 1322, Phường Võ Thị Sáu, Quận 3, Hồ Chí Minh",50.0,3.9,10.4,Đông - Bắc,Tây - Nam,4,2,2,Have certificate,Basic,13.05
"Phố số 1323, Phường Thạch Thang, Hải Châu, Đà Nẵng",55.1,,4.5,Đông - Nam,Đông - Nam,3,4,4,Have certificate,Full,7.87
"Phố số 1324, Phường Tân Phong, Quận 7, Hồ Chí Minh",35.0,3.6,2.6,Tây,Đông - Nam,3,4,5,Have certificate,Basic,4.57
"Phố số 1325, Xã Xuân Quan, Văn Giang, Hưng Yên",96.5,4.9,2.5,Đông - Nam,Đông,3,6,5,Other,Unknown,8.86
"Phố số 1326, Phường 11, Gò Vấp, Hồ Chí Minh",91.9,4.2,9.5,Đông - Nam,Tây,3,6,5,Have certificate,Full,13.13
"Phố số 1327, Phường Tân Phong, Quận 7, Hồ Chí Minh",95.6,5.0,6.5,Nam,Đông - Nam,5,6,6,Have certificate,Full,21.32
"Phố số 1328, Phường Mỹ Đình 1, Nam Từ Liêm, Hà Nội",48.3,2.5,1.5,Tây - Nam,Nam,6,4,4,Have certificate,Basic,7.37
"Phố số 1329, Phường Dịch Vọng, Cầu Giấy, Hà Nội",55.6,2.5,9.7,Unknown,Tây - Nam,3,3,3,Have certificate,Full,13.18
"Phố số 1330, Phường 25, Bình Thạnh, Hồ Chí Minh",54.7,5.9,1.5,Đông - Nam,Đông - Nam,2,4,4,Other,Basic,5.8
"Phố số 1331, Phường Hàng Bạc, Hoàn Kiếm, Hà Nội",124.0,6.7,8.1,Đông - Nam,Đông - Nam,4,6,7,Have certificate,Full,45.0
"Phố số 1332, Phường Khương Mai, Thanh Xuân, Hà Nội",82.1,3.2,8.6,Nam,Đông,5,5,6,Have certificate,Basic,18.53
"Phố số 1333, Phường Tân Phong, Quận 7, Hồ Chí Minh",76.8,4.4,11.5,Tây,Tây - Bắc,4,5,5,Have certificate,Basic,14.83
"Phố số 1334, Phường Hoàng Văn Thụ, Hồng Bàng, Hải Phòng",106.9,5.3,15.5,Đông,Nam,1,5,5,In waiting,Full,9.49
"Phố số 1335, Xã Xuân Quan, Văn Giang, Hưng Yên",54.8,6.0,1.5,Nam,Đông,1,3,3,Have certificate,Full,4.94
"Phố số 1336, Phường Dịch Vọng, Cầu Giấy, Hà Nội",89.1,2.5,7.3,Tây - Nam,Nam,3,4,3,Have certificate,Full,20.77
"Phố số 1337, Phường Tân Phong, Quận 7, Hồ Chí Minh",176.1,3.2,6.3,Nam,Bắc,6,10,10,Have certificate,Full,38.53
"Phố số 1338, Phường Khương Mai, Thanh Xuân, Hà Nội",133.1,4.2,9.5,Đông,Đông - Nam,3,7,6,Have certificate,Basic,22.55
"Phố số 1339, Phường Bến Nghé, Quận 1, Hồ Chí Minh",88.5,6.1,,Nam,Đông,3,5,6,Have certificate,Full,29.9
"Phố số 1340, Phường Bến Nghé, Quận 1, Hồ Chí Minh",78.2,9.3,5.9,Tây,Tây,4,4,4,Other,Basic,22.12
"Phố số 1341, Phường Tân Phong, Quận 7, Hồ Chí Minh",95.2,4.4,5.5,Tây - Bắc,Unknown,5,7,7,Have certificate,Basic,15.06
"Phố số 1342, Phường 25, Bình Thạnh, Hồ Chí Minh",141.7,2.5,2.5,Đông - Bắc,Tây - Nam,2,6,6,Have certificate,Full,21.6
"Phố số 1343, Phường Mộ Lao, Hà Đông, Hà Nội",137.0,5.5,11.9,Đông,Nam,2,7,7,In waiting,Full,15.32
"Phố số 1344, Phường Khương Mai, Thanh Xuân, Hà Nội",152.9,7.2,9.6,Đông,Nam,4,8,8,Have certificate,Full,30.33
"Phố số 1345, Phường Bồ Đề, Long Biên, Hà Nội",84.3,5.0,11.6,Đông - Nam,Nam,2,4,4,Have certificate,Basic,10.03
"Phố số 1346, Phường Thảo Điền, Thủ Đức, Hồ Chí Minh",35.0,,6.1,Đông - Bắc,Tây - Nam,3,4,3,Have certificate,Full,8.01
"Phố số 1347, Phường 11, Gò Vấp, Hồ Chí Minh",170.2,6.5,4.5,Tây - Nam,Đông - Bắc,3,9,10,Have certificate,Full,23.59
"Phố số 1348, Phường Thảo Điền, Thủ Đức, Hồ Chí Minh",50.0,6.0,2.6,Bắc,Tây,5,3,4,Have certificate,Full,10.52
"Phố số 1349, Xã Xuân Quan, Văn Giang, Hưng Yên",35.0,3.0,9.1,Đông - Nam,Nam,4,3,3,Have certificate,Unknown,3.85
"Phố số 1350, Phường Bến Nghé, Quận 1, Hồ Chí Minh",106.1,5.5,2.8,Đông - Bắc,Đông - Bắc,6,7,6,Have certificate,Basic,41.21
"Phố số 1351, Phường Mộ Lao, Hà Đông, Hà Nội",35.0,6.6,,Đông - Bắc,Bắc,4,3,3,Have certificate,None,4.45
"Phố số 1352, Phường Hàng Bạc, Hoàn Kiếm, Hà Nội",76.1,6.9,1.6,Nam,Bắc,1,4,5,Unknown,Full,16.14
"Phố số 1353, Phường 25, Bình Thạnh, Hồ Chí Minh",35.0,4.7,8.7,Tây - Nam,Đông - Bắc,4,3,2,Have certificate,Full,7.45
"Phố số 1354, Phường Khương Mai, Thanh Xuân, Hà Nội",63.8,4.2,14.6,Tây - Bắc,Tây - Nam,3,4,3,In waiting,Full,11.08
"Phố số 1355, Phường 25, Bình Thạnh, Hồ Chí Minh",153.0,7.0,10.2,Bắc,Đông,2,6,6,Have certificate,Unknown,23.27
"Phố số 1356, Phường Thạch Thang, Hải Châu, Đà Nẵng",89.0,2.6,8.3,Đông - Bắc,Đông - Nam,5,7,7,Other,Full,12.23
"Phố số 1357, Phường An Hải Bắc, Sơn Trà, Đà Nẵng",75.7,,3.1,Đông - Nam,Đông - Nam,3,4,4,Have certificate,Basic,7.86
"Phố số 1358, Phường Thảo Điền, Thủ Đức, Hồ Chí Minh",93.7,2.5,1.5,Bắc,Đông,2,5,5,Have certificate,Full,18.67
"Phố số 1359, Phường 11, Gò Vấp, Hồ Chí Minh",35.0,6.7,11.0,Tây - Nam,Đông - Nam,5,4,4,Have certificate,Basic,6.39
"Phố số 1360, Phường Dịch Vọng, Cầu Giấy, Hà Nội",54.2,,14.3,Nam,Đông,4,3,2,Have certificate,Full,12.55
"Phố số 1361, Phường An Hải Bắc, Sơn Trà, Đà Nẵng",58.5,7.1,5.5,Đông - Nam,Tây - Nam,2,3,3,Have certificate,Basic,5.18
"Phố số 1362, Phường Tân Phong, Quận 7, Hồ Chí Minh",100.8,5.7,2.4,Đông - Nam,Đông,4,5,5,Have certificate,Unknown,17.32
"Phố số 1363, Phường Dịch Vọng, Cầu Giấy, Hà Nội",44.3,2.6,1.5,Đông - Nam,Đông - Nam,5,5,5,In waiting,Full,9.58
"Phố số 1364, Phường Dịch Vọng, Cầu Giấy, Hà Nội",82.5,7.4,3.1,Đông - Bắc,Đông - Nam,3,3,2,Have certificate,Basic,16.28
"Phố số 1365, Phường Bồ Đề, Long Biên, Hà Nội",72.1,7.6,7.0,Nam,Đông - Nam,3,4,4,In waiting,Basic,8.62
"Phố số 1366, Phường Võ Thị Sáu, Quận 3, Hồ Chí Minh",55.7,6.4,14.7,Đông - Nam,Đông - Nam,3,3,3,Other,None,13.47
"Phố số 1367, Phường Khương Mai, Thanh Xuân, Hà Nội",57.5,3.4,10.5,Nam,Unknown,2,4,4,Have certificate,Full,9.44
"Phố số 1368, Phường An Hải Bắc, Sơn Trà, Đà Nẵng",71.8,4.2,,Đông,Nam,4,5,5,Have certificate,Full,8.05
"Phố số 1369, Phường Võ Thị Sáu, Quận 3, Hồ Chí Minh",35.0,5.1,5.7,Đông - Nam,Nam,1,1,1,Have certificate,Basic,7.4
"Phố số 1370, Phường Tân Phong, Quận 7, Hồ Chí Minh",107.6,3.5,4.9,Đông - Nam,Đông - Nam,4,6,7,Have certificate,Full,18.73
"Phố số 1371, Xã Xuân Quan, Văn Giang, Hưng Yên",49.8,7.8,13.8,Đông - Nam,Tây - Nam,4,4,4,Have certificate,None,7.34
"Phố số 1372, Phường Tân Phong, Quận 7, Hồ Chí Minh",65.9,5.1,8.4,Đông - Bắc,Tây - Nam,2,5,5,Have certificate,Basic,10.64
"Phố số 1373, Phường Mộ Lao, Hà Đông, Hà Nội",150.4,2.5,1.5,Đông - Nam,Đông - Nam,1,6,7,Have certificate,Basic,14.46
"Phố số 1374, Phường 25, Bình Thạnh, Hồ Chí Minh",108.5,5.4,4.5,Tây - Nam,Bắc,5,6,6,Have certificate,Full,20.06
"Phố số 1375, Phường Tân Phong, Quận 7, Hồ Chí Minh",40.2,4.2,3.6,Đông - Nam,Tây,2,3,3,Have certificate,Basic,4.92
"Phố số 1376, Phường Thạch Thang, Hải Châu, Đà Nẵng",35.0,4.7,5.0,Đông - Nam,Đông - Nam,3,3,3,Other,Basic,3.17
"Phố số 1377, Phường 25, Bình Thạnh, Hồ Chí Minh",95.6,4.1,10.0,Nam,Đông,1,5,6,Have certificate,Basic,13.89
"Phố số 1378, Phường Hàng Bạc, Hoàn Kiếm, Hà Nội",67.2,6.3,7.0,Đông - Nam,Đông,1,4,4,Have certificate,Full,21.69
"Phố số 1379, Phường Thảo Điền, Thủ Đức, Hồ Chí Minh",82.8,6.8,,Đông - Nam,Nam,2,4,4,In waiting,None,12.37
"Phố số 1380, Phường Dịch Vọng, Cầu Giấy, Hà Nội",106.8,5.3,13.4,Nam,Tây,2,6,6,Have certificate,Full,20.82
"Phố số 1381, Phường Võ Thị Sáu, Quận 3, Hồ Chí Minh",114.7,4.2,4.4,Nam,Đông - Nam,1,6,7,Have certificate,Full,24.1
"Phố số 1382, Phường Thảo Điền, Thủ Đức, Hồ Chí Minh",60.8,4.7,15.9,Đông - Bắc,Nam,3,4,4,Have certificate,Unknown,13.12
"Phố số 1383, Phường Đông Hòa, Dĩ An, Bình Dương",71.2,4.8,4.5,Đông - Nam,Nam,4,4,4,Have certificate,Basic,6.55
"Phố số 1384, Phường Tân Phong, Quận 7, Hồ Chí Minh",90.4,3.4,7.9,Bắc,Đông,5,6,6,Have certificate,Full,17.57
"Phố số 1385, Phường Dịch Vọng, Cầu Giấy, Hà Nội",93.2,5.8,6.2,Tây,Tây,7,6,6,Have certificate,None,23.1
"Phố số 1386, Phường 11, Gò Vấp, Hồ Chí Minh",82.4,5.6,8.1,Đông - Bắc,Đông - Nam,3,4,3,Unknown,Full,9.74
"Phố số 1387, Phường Bồ Đề, Long Biên, Hà Nội",142.6,,9.5,Nam,Đông - Nam,1,6,7,Have certificate,Full,17.11
"Phố số 1388, Phường Võ Thị Sáu, Quận 3, Hồ Chí Minh",92.7,7.1,9.5,Tây,Tây - Nam,4,5,4,Have certificate,Basic,23.63
"Phố số 1389, Phường Đông Hòa, Dĩ An, Bình Dương",106.1,3.6,4.1,Đông - Nam,Đông - Nam,1,6,6,Have certificate,Full,7.44
"Phố số 1390, Phường 25, Bình Thạnh, Hồ Chí Minh",85.7,6.3,2.4,Đông - Nam,Đông - Nam,3,5,5,Have certificate,None,10.9
"Phố số 1391, Phường Tân Phong, Quận 7, Hồ Chí Minh",44.1,3.1,18.8,Đông - Nam,Nam,2,3,3,Have certificate,None,6.83
"Phố số 1392, Phường Bến Nghé, Quận 1, Hồ Chí Minh",54.1,6.1,5.3,Tây - Bắc,Đông - Nam,1,3,3,Have certificate,Full,14.74
"Phố số 1393, Phường Võ Thị Sáu, Quận 3, Hồ Chí Minh",39.2,3.9,10.6,Nam,Nam,5,4,5,Other,None,10.63
"Phố số 1394, Phường Hàng Bạc, Hoàn Kiếm, Hà Nội",120.8,3.0,1.5,Bắc,Nam,4,7,7,Have certificate,Full,43.62
"Phố số 1395, Phường 11, Gò Vấp, Hồ Chí Minh",35.0,5.3,6.2,Nam,Đông - Nam,1,2,1,Have certificate,Basic,3.6
"Phố số 1396, Phường Mỹ Đình 1, Nam Từ Liêm, Hà Nội",69.8,2.5,6.9,Bắc,Đông,4,4,4,Have certificate,None,10.74
"Phố số 1397, Phường 25, Bình Thạnh, Hồ Chí Minh",62.4,2.5,9.6,Bắc,Đông - Nam,1,3,3,Have certificate,None,7.78
"Phố số 1398, Phường Tân Phong, Quận 7, Hồ Chí Minh",61.6,4.5,1.5,Tây - Bắc,Tây - Bắc,8,7,6,Have certificate,Full,14.0
"Phố số 1399, Phường Dịch Vọng, Cầu Giấy, Hà Nội",64.3,4.9,8.2,Đông,Nam,2,3,2,Have certificate,Full,11.34
"Phố số 1400, Phường Khương Mai, Thanh Xuân, Hà Nội",155.1,4.1,2.3,Bắc,Tây - Nam,5,9,8,Have certificate,Full,30.94
"Phố số 1401, Phường Võ Thị Sáu, Quận 3, Hồ Chí Minh",35.0,2.5,9.0,Tây - Bắc,Tây,4,3,3,Have certificate,Basic,9.51
"Phố số 1402, Phường Võ Thị Sáu, Quận 3, Hồ Chí Minh",134.2,,,Nam,Nam,1,6,6,Have certificate,Basic,25.42
"Phố số 1403, Phường Bến Nghé, Quận 1, Hồ Chí Minh",67.1,5.5,3.7,Đông,Đông - Bắc,2,4,3,Have certificate,Full,19.7
"Phố số 1404, Phường Bồ Đề, Long Biên, Hà Nội",111.2,5.8,6.3,Đông - Bắc,Tây,6,6,6,Have certificate,Full,20.03
"Phố số 1405, Phường Khương Mai, Thanh Xuân, Hà Nội",78.0,4.8,2.8,Nam,Đông - Nam,5,5,4,Have certificate,None,14.37
"Phố số 1406, Phường 25, Bình Thạnh, Hồ Chí Minh",41.4,,5.4,Đông - Bắc,Unknown,1,2,3,Other,Full,4.86
"Phố số 1407, Phường Mộ Lao, Hà Đông, Hà Nội",140.2,5.5,2.1,Đông - Nam,Đông - Nam,2,6,6,In waiting,Full,11.99
"Phố số 1408, Phường Mỹ Đình 1, Nam Từ Liêm, Hà Nội",130.1,3.5,,Đông,Đông - Nam,4,8,7,Other,Unknown,15.66
"Phố số 1409, Phường Dịch Vọng, Cầu Giấy, Hà Nội",43.1,4.3,12.1,Đông - Nam,Đông - Bắc,2,2,3,Have certificate,Full,8.59
"Phố số 1410, Phường Mộ Lao, Hà Đông, Hà Nội",99.1,2.5,1.7,Nam,Đông - Nam,3,5,5,Have certificate,Basic,10.69
"Phố số 1411, Phường Tân Phong, Quận 7, Hồ Chí Minh",55.3,4.6,6.7,Nam,Tây - Nam,3,3,3,Have certificate,Full,9.08
"Phố số 1412, Phường Võ Thị Sáu, Quận 3, Hồ Chí Minh",35.0,6.8,10.9,Tây,Tây,1,2,2,Have certificate,Full,7.44
"Phố số 1413, Phường 11, Gò Vấp, Hồ Chí Minh",49.9,,4.7,Đông - Nam,Tây - Bắc,3,3,3,Have certificate,Basic,6.49
"Phố số 1414, Phường Bến Nghé, Quận 1, Hồ Chí Minh",136.4,7.3,3.8,Tây,Đông,2,5,5,Have certificate,Basic,35.85
"Phố số 1415, Phường Hàng Bạc, Hoàn Kiếm, Hà Nội",112.5,,,Tây,Unknown,5,7,6,Have certificate,Basic,43.31
"Phố số 1416, Phường Phú Cường, Thủ Dầu Một, Bình Dương",64.7,7.2,12.5,Đông,Nam,5,5,4,Have certificate,Full,6.21
"Phố số 1417, Phường Bến Nghé, Quận 1, Hồ Chí Minh",136.7,4.5,2.2,Nam,Đông - Nam,2,7,7,Have certificate,Basic,32.65
"Phố số 1418, Phường Võ Thị Sáu, Quận 3, Hồ Chí Minh",125.5,7.4,6.8,Nam,Đông,3,7,7,Have certificate,Basic,35.41
"Phố số 1419, Phường 25, Bình Thạnh, Hồ Chí Minh",49.9,4.8,1.5,Đông,Tây - Nam,2,3,2,Have certificate,Full,7.5
"Phố số 1420, Phường Phú Cường, Thủ Dầu Một, Bình Dương",152.2,,5.7,Đông - Nam,Đông,5,7,7,Other,Unknown,12.47
"Phố số 1421, Phường 11, Gò Vấp, Hồ Chí Minh",62.1,7.5,7.7,Đông,Đông,3,3,4,In waiting,None,8.21
"Phố số 1422, Phường Hàng Bạc, Hoàn Kiếm, Hà Nội",66.4,,3.7,Tây - Bắc,Nam,3,3,3,Have certificate,None,23.69
"Phố số 1423, Phường Bến Nghé, Quận 1, Hồ Chí Minh",35.0,5.2,5.4,Đông - Nam,Đông,7,4,4,Have certificate,Basic,13.3
"Phố số 1424, Phường Võ Thị Sáu, Quận 3, Hồ Chí Minh",54.8,7.1,1.5,Tây - Nam,Tây - Bắc,4,3,4,Have certificate,Full,16.55
"Phố số 1425, Xã Xuân Quan, Văn Giang, Hưng Yên",70.1,4.6,7.8,Tây - Bắc,Đông,3,4,3,Have certificate,Basic,7.97
"Phố số 1426, Phường Đông Hòa, Dĩ An, Bình Dương",86.9,2.5,12.3,Bắc,Nam,4,5,5,Have certificate,None,8.19
"Phố số 1427, Phường Bến Nghé, Quận 1, Hồ Chí Minh",41.5,8.7,,Bắc,Đông - Bắc,6,5,6,Have certificate,Full,16.01
"Phố số 1428, Phường Đông Hòa, Dĩ An, Bình Dương",51.1,,4.7,Tây,Nam,6,5,6,Have certificate,Basic,5.28
"Phố số 1429, Phường Dịch Vọng, Cầu Giấy, Hà Nội",153.8,,,Nam,Tây,2,7,6,Have certificate,Full,28.22
"Phố số 1430, Phường Mộ Lao, Hà Đông, Hà Nội",121.6,,13.0,Bắc,Đông - Nam,1,5,5,Have certificate,Full,15.96
"Phố số 1431, Phường 25, Bình Thạnh, Hồ Chí Minh",132.1,3.7,1.5,Tây - Bắc,Nam,3,7,6,Have certificate,Full,18.93
"Phố số 1432, Phường Hàng Bạc, Hoàn Kiếm, Hà Nội",73.0,3.0,6.7,Đông,Đông - Nam,3,5,6,Have certificate,Unknown,28.62
"Phố số 1433, Phường 25, Bình Thạnh, Hồ Chí Minh",88.1,5.3,8.8,Nam,Đông - Nam,1,4,5,Have certificate,Basic,13.91
"Phố số 1434, Phường Khương Mai, Thanh Xuân, Hà Nội",100.1,2.5,7.0,Đông,Tây - Nam,3,5,5,Have certificate,Full,16.91
"Phố số 1435, Phường Võ Thị Sáu, Quận 3, Hồ Chí Minh",152.7,4.3,1.5,Nam,Nam,1,7,7,Have certificate,Basic,27.86
"Phố số 1436, Phường Bến Nghé, Quận 1, Hồ Chí Minh",35.0,5.2,9.8,Đông - Nam,Bắc,3,3,4,Have certificate,Full,10.65
"Phố số 1437, Phường 11, Gò Vấp, Hồ Chí Minh",57.6,4.3,,Tây - Nam,Đông,6,5,5,Have certificate,Basic,8.77
"Phố số 1438, Phường Khương Mai, Thanh Xuân, Hà Nội",84.3,2.5,8.0,Tây - Nam,Nam,5,5,4,Have certificate,None,15.21
"Phố số 1439, Phường Tân Phong, Quận 7, Hồ Chí Minh",78.2,,2.9,Đông,Đông - Bắc,1,2,1,Have certificate,Basic,9.2
"Phố số 1440, Phường Khương Mai, Thanh Xuân, Hà Nội",50.8,5.0,5.2,Đông - Nam,Tây - Nam,4,3,3,Have certificate,Basic,8.84
"Phố số 1441, Phường Đông Hòa, Dĩ An, Bình Dương",96.1,7.4,15.5,Tây,Đông - Bắc,7,7,8,Have certificate,Basic,13.49
"Phố số 1442, Phường Bến Nghé, Quận 1, Hồ Chí Minh",58.8,4.3,11.6,Đông - Nam,Tây - Nam,3,4,5,Have certificate,Basic,20.58
"Phố số 1443, Phường Khương Mai, Thanh Xuân, Hà Nội",75.5,3.2,10.4,Đông - Nam,Đông - Nam,4,5,4,Have certificate,Basic,14.44
"Phố số 1444, Phường 25, Bình Thạnh, Hồ Chí Minh",94.0,5.3,9.1,Tây - Nam,Tây - Nam,5,7,7,Have certificate,None,18.83
"Phố số 1445, Phường Mộ Lao, Hà Đông, Hà Nội",60.2,4.4,4.5,Nam,Nam,2,3,3,Other,Basic,5.63
"Phố số 1446, Phường Võ Thị Sáu, Quận 3, Hồ Chí Minh",108.1,2.7,,Đông - Nam,Đông,1,4,4,Have certificate,Unknown,21.53
"Phố số 1447, Phường Khương Mai, Thanh Xuân, Hà Nội",117.4,7.4,7.1,Nam,Bắc,2,5,5,Unknown,None,14.04
"Phố số 1448, Phường Mộ Lao, Hà Đông, Hà Nội",51.8,3.7,10.0,Tây,Nam,1,3,3,Have certificate,Basic,5.08
"Phố số 1449, Phường Phú Cường, Thủ Dầu Một, Bình Dương",58.6,2.5,14.3,Tây - Nam,Tây - Nam,2,3,3,Have certificate,None,4.76
"Phố số 1450, Phường Khương Mai, Thanh Xuân, Hà Nội",44.8,7.2,12.5,Nam,Nam,2,2,1,Have certificate,Full,7.98
"Phố số 1451, Phường 25, Bình Thạnh, Hồ Chí Minh",74.7,3.9,1.5,Đông - Nam,Đông - Nam,3,3,3,In waiting,Full,10.62
"Phố số 1452, Phường Dịch Vọng, Cầu Giấy, Hà Nội",86.9,3.7,8.5,Tây - Nam,Đông,2,4,5,Have certificate,Basic,13.49
"Phố số 1453, Phường Mộ Lao, Hà Đông, Hà Nội",63.1,2.5,10.8,Bắc,Tây - Nam,3,4,3,Have certificate,Basic,8.08
"Phố số 1454, Phường Hàng Bạc, Hoàn Kiếm, Hà Nội",85.7,7.9,10.3,Tây - Nam,Nam,3,4,4,Have certificate,None,28.87
"Phố số 1455, Phường Bến Nghé, Quận 1, Hồ Chí Minh",57.8,2.5,4.7,Tây,Nam,6,4,4,Other,Full,20.38
"Phố số 1456, Phường Phú Cường, Thủ Dầu Một, Bình Dương",58.7,,20.6,Đông,Tây,4,5,5,Have certificate,Full,6.4
"Phố số 1457, Phường Khương Mai, Thanh Xuân, Hà Nội",89.0,6.4,,Đông - Bắc,Đông - Nam,4,6,6,In waiting,None,11.0
"Phố số 1458, Phường Khương Mai, Thanh Xuân, Hà Nội",60.7,,2.6,Bắc,Nam,1,4,4,Have certificate,Full,8.05
"Phố số 1459, Phường Tân Phong, Quận 7, Hồ Chí Minh",72.7,4.7,8.6,Tây,Tây,1,2,3,Have certificate,Full,11.18
"Phố số 1460, Phường Dịch Vọng, Cầu Giấy, Hà Nội",90.5,2.5,17.0,Bắc,Bắc,4,6,6,Have certificate,Full,23.35
"Phố số 1461, Phường Thảo Điền, Thủ Đức, Hồ Chí Minh",85.1,3.3,3.7,Đông,Nam,3,4,4,Have certificate,Basic,17.26
"Phố số 1462, Phường Dịch Vọng, Cầu Giấy, Hà Nội",35.0,,6.3,Bắc,Bắc,6,4,3,In waiting,Basic,7.6
"Phố số 1463, Phường Võ Thị Sáu, Quận 3, Hồ Chí Minh",58.2,3.4,12.3,Tây - Nam,Đông - Nam,3,5,5,Have certificate,Unknown,15.44
"Phố số 1464, Phường Dịch Vọng, Cầu Giấy, Hà Nội",123.0,5.2,7.4,Bắc,Đông - Nam,2,5,5,In waiting,Full,23.03
"Phố số 1465, Phường Hoàng Văn Thụ, Hồng Bàng, Hải Phòng",35.0,6.0,,Đông - Nam,Tây,4,3,4,Have certificate,None,4.55
"Phố số 1466, Phường Bến Nghé, Quận 1, Hồ Chí Minh",35.0,,10.0,Tây - Nam,Bắc,4,3,3,Have certificate,Full,12.52
"Phố số 1467, Xã Xuân Quan, Văn Giang, Hưng Yên",98.0,2.6,,Tây,Đông - Nam,4,5,4,Have certificate,Full,12.02
"Phố số 1468, Phường Thảo Điền, Thủ Đức, Hồ Chí Minh",84.3,8.8,12.1,Đông - Nam,Đông - Nam,4,4,3,Have certificate,Basic,21.1
"Phố số 1469, Phường Thạch Thang, Hải Châu, Đà Nẵng",41.7,,,Tây - Nam,Đông - Nam,2,3,4,Have certificate,Full,4.92
"Phố số 1470, Phường Mỹ Đình 1, Nam Từ Liêm, Hà Nội",79.1,4.8,8.9,Tây,Nam,1,4,4,Have certificate,Full,10.6
"Phố số 1471, Phường Hàng Bạc, Hoàn Kiếm, Hà Nội",54.3,6.8,,Nam,Đông - Bắc,4,4,3,Have certificate,Full,20.78
"Phố số 1472, Phường Bồ Đề, Long Biên, Hà Nội",94.7,9.1,8.5,Đông,Đông,3,4,3,In waiting,Full,10.28
"Phố số 1473, Phường Thạch Thang, Hải Châu, Đà Nẵng",35.0,2.5,9.7,Tây - Nam,Đông,4,3,3,Other,None,3.95
"Phố số 1474, Phường Thảo Điền, Thủ Đức, Hồ Chí Minh",66.0,4.4,7.7,Đông,Đông,6,6,5,Have certificate,Full,18.67
"Phố số 1475, Phường 11, Gò Vấp, Hồ Chí Minh",56.9,2.5,7.5,Đông - Nam,Bắc,2,3,3,Have certificate,Unknown,6.22
"Phố số 1476, Phường Khương Mai, Thanh Xuân, Hà Nội",108.3,5.1,12.9,Đông - Nam,Đông - Nam,2,5,5,Have certificate,None,17.66
"Phố số 1477, Phường Mỹ Đình 1, Nam Từ Liêm, Hà Nội",35.0,5.5,14.3,Đông - Nam,Tây - Nam,5,4,4,Have certificate,Full,7.22
"Phố số 1478, Phường Bồ Đề, Long Biên, Hà Nội",76.7,4.7,,Nam,Bắc,4,4,3,Have certificate,Basic,9.3
"Phố số 1479, Phường Mỹ Đình 1, Nam Từ Liêm, Hà Nội",97.4,3.6,7.5,Nam,Đông - Nam,5,6,6,Have certificate,Basic,20.21
"Phố số 1480, Phường 25, Bình Thạnh, Hồ Chí Minh",166.0,2.5,4.4,Đông - Bắc,Tây,1,8,8,Have certificate,None,21.79
"Phố số 1481, Phường Mỹ Đình 1, Nam Từ Liêm, Hà Nội",58.7,5.5,,Tây - Nam,Tây - Nam,8,6,5,Have certificate,None,12.5
"Phố số 1482, Phường Võ Thị Sáu, Quận 3, Hồ Chí Minh",87.6,7.4,9.3,Đông - Bắc,Đông - Nam,5,6,6,Have certificate,Basic,29.9
"Phố số 1483, Phường Hàng Bạc, Hoàn Kiếm, Hà Nội",35.0,3.7,,Đông - Nam,Đông - Nam,5,4,4,Have certificate,Full,14.17
"Phố số 1484, Phường Bến Nghé, Quận 1, Hồ Chí Minh",74.8,5.6,7.0,Đông,Tây - Nam,8,7,7,Have certificate,Basic,36.17
"Phố số 1485, Phường 11, Gò Vấp, Hồ Chí Minh",127.2,,1.5,Nam,Đông,3,6,6,Have certificate,None,12.84
"Phố số 1486, Phường Thảo Điền, Thủ Đức, Hồ Chí Minh",166.8,5.6,3.2,Tây,Đông,3,8,8,In waiting,Basic,31.84
"Phố số 1487, Phường Thảo Điền, Thủ Đức, Hồ Chí Minh",91.5,4.1,11.5,Đông - Bắc,Đông - Nam,5,6,6,Have certificate,None,23.62
"Phố số 1488, Phường Khương Mai, Thanh Xuân, Hà Nội",35.0,3.4,,Bắc,Tây - Nam,3,4,3,Have certificate,Basic,5.62
"Phố số 1489, Phường Thảo Điền, Thủ Đức, Hồ Chí Minh",136.6,,12.8,Đông - Nam,Nam,5,8,8,Have certificate,Full,39.22
"Phố số 1490, Phường 25, Bình Thạnh, Hồ Chí Minh",35.0,4.1,,Đông - Bắc,Nam,1,2,2,Have certificate,Unknown,4.99
"Phố số 1491, Phường Tân Phong, Quận 7, Hồ Chí Minh",39.5,,13.4,Đông,Nam,6,4,4,Have certificate,None,9.15
"Phố số 1492, Phường Thảo Điền, Thủ Đức, Hồ Chí Minh",142.1,2.5,6.6,Tây,Tây - Nam,4,9,9,Have certificate,Full,27.41
"Phố số 1493, Phường Tân Phong, Quận 7, Hồ Chí Minh",72.2,,1.5,Đông,Đông - Nam,5,5,5,Have certificate,Full,13.61
"Phố số 1494, Phường Bến Nghé, Quận 1, Hồ Chí Minh",55.3,4.7,9.4,Đông,Đông - Nam,4,4,4,Have certificate,Basic,19.14
"Phố số 1495, Phường Dịch Vọng, Cầu Giấy, Hà Nội",103.7,2.8,13.2,Đông - Nam,Đông - Nam,2,5,4,Have certificate,Basic,21.21
"Phố số 1496, Phường Khương Mai, Thanh Xuân, Hà Nội",81.2,8.0,11.7,Tây - Nam,Đông - Nam,3,4,5,Have certificate,Full,15.53
"Phố số 1497, Phường Dịch Vọng, Cầu Giấy, Hà Nội",121.9,3.3,4.5,Nam,Đông - Nam,5,7,6,Have certificate,Full,27.55
"Phố số 1498, Phường 25, Bình Thạnh, Hồ Chí Minh",83.0,3.6,7.9,Đông - Nam,Tây - Nam,5,6,6,Have certificate,Basic,16.93
"Phố số 1499, Phường Thảo Điền, Thủ Đức, Hồ Chí Minh",83.9,3.0,5.1,Đông - Nam,Đông - Bắc,2,5,5,Have certificate,Full,15.14
"Phố số 1500, Phường Mộ Lao, Hà Đông, Hà Nội",119.8,8.0,3.8,Tây - Bắc,Tây - Nam,2,5,6,Have certificate,Full,14.64
"Phố số 1501, Phường Hàng Bạc, Hoàn Kiếm, Hà Nội",71.7,5.8,11.8,Nam,Đông,5,5,4,Have certificate,Basic,33.28
"Phố số 1502, Phường 25, Bình Thạnh, Hồ Chí Minh",46.9,3.1,2.1,Bắc,Đông - Nam,4,3,3,Have certificate,None,8.1
"Phố số 1503, Phường Bến Nghé, Quận 1, Hồ Chí Minh",106.5,6.8,3.5,Tây - Bắc,Tây - Bắc,4,7,7,Have certificate,Basic,35.52
"Phố số 1504, Phường 11, Gò Vấp, Hồ Chí Minh",64.8,5.2,,Tây - Bắc,Đông - Nam,4,5,6,Unknown,Basic,6.74
"Phố số 1505, Phường Thảo Điền, Thủ Đức, Hồ Chí Minh",86.2,5.3,1.5,Bắc,Tây - Nam,2,4,5,Have certificate,Basic,16.06
"Phố số 1506, Phường Thảo Điền, Thủ Đức, Hồ Chí Minh",35.0,4.2,,Bắc,Bắc,5,4,3,Have certificate,Basic,9.59
"Phố số 1507, Phường Dịch Vọng, Cầu Giấy, Hà Nội",70.2,,12.7,Nam,Tây - Nam,4,4,4,Have certificate,Full,15.2
"Phố số 1508, Phường Hàng Bạc, Hoàn Kiếm, Hà Nội",57.4,5.4,6.7,Đông - Nam,Đông - Nam,5,4,4,In waiting,Full,22.5
"Phố số 1509, Phường Dịch Vọng, Cầu Giấy, Hà Nội",35.0,3.8,1.5,Tây - Nam,Nam,5,3,2,In waiting,Full,7.5
"Phố số 1510, Phường Bồ Đề, Long Biên, Hà Nội",71.3,8.1,11.3,Đông,Đông - Nam,3,4,3,Have certificate,None,8.72
"Phố số 1511, Phường Mỹ Đình 1, Nam Từ Liêm, Hà Nội",72.5,2.5,,Đông - Nam,Tây - Nam,3,5,6,In waiting,None,9.11
"Phố số 1512, Phường Khương Mai, Thanh Xuân, Hà Nội",89.2,7.6,4.6,Đông - Bắc,Tây - Nam,1,3,3,Have certificate,Basic,11.39
"Phố số 1513, Phường Đông Hòa, Dĩ An, Bình Dương",126.2,4.6,5.3,Tây - Nam,Đông - Bắc,3,7,6,Have certificate,None,9.5
"Phố số 1514, Phường Bến Nghé, Quận 1, Hồ Chí Minh",116.7,5.3,9.8,Bắc,Đông - Nam,8,7,7,Have certificate,None,43.14
"Phố số 1515, Phường Tân Phong, Quận 7, Hồ Chí Minh",59.4,,14.8,Tây - Nam,Tây,4,3,3,Have certificate,None,10.76
"Phố số 1516, Phường Bến Nghé, Quận 1, Hồ Chí Minh",82.0,3.7,5.2,Tây - Nam,Đông - Bắc,4,5,5,Have certificate,Full,28.57
"Phố số 1517, Phường Dịch Vọng, Cầu Giấy, Hà Nội",95.3,6.4,1.5,Đông,Đông - Nam,3,5,5,Have certificate,Basic,19.3
"Phố số 1518, Phường Thạch Thang, Hải Châu, Đà Nẵng",60.3,,,Đông,Nam,1,3,3,Have certificate,Basic,6.02
"Phố số 1519, Phường Tân Phong, Quận 7, Hồ Chí Minh",35.0,3.5,11.1,Tây - Bắc,Tây - Nam,4,3,2,Have certificate,Basic,6.07
"Phố số 1520, Phường An Hải Bắc, Sơn Trà, Đà Nẵng",67.6,3.1,7.5,Đông - Nam,Đông,5,5,5,Have certificate,Full,7.94
"Phố số 1521, Phường Bến Nghé, Quận 1, Hồ Chí Minh",128.6,2.5,5.0,Đông,Đông - Nam,4,8,7,Have certificate,Basic,45.0
"Phố số 1522, Phường Phú Cường, Thủ Dầu Một, Bình Dương",35.0,4.4,12.0,Tây - Nam,Đông - Nam,6,4,5,Have certificate,Full,4.0
"Phố số 1523, Phường Thảo Điền, Thủ Đức, Hồ Chí Minh",44.3,5.5,,Đông,Đông - Bắc,2,2,1,Have certificate,None,7.47
"Phố số 1524, Phường Võ Thị Sáu, Quận 3, Hồ Chí Minh",49.5,6.1,4.0,Nam,Đông - Nam,3,3,3,Have certificate,Basic,11.59
"Phố số 1525, Phường 25, Bình Thạnh, Hồ Chí Minh",44.6,5.2,7.7,Nam,Đông - Nam,2,4,4,Have certificate,Full,8.0
"Phố số 1526, Phường Tân Phong, Quận 7, Hồ Chí Minh",103.9,3.6,,Nam,Tây,2,5,5,Have certificate,Full,16.13
"Phố số 1527, Phường 11, Gò Vấp, Hồ Chí Minh",54.2,,10.6,Nam,Tây - Nam,3,4,4,Have certificate,Basic,7.3
"Phố số 1528, Phường 11, Gò Vấp, Hồ Chí Minh",105.2,5.0,6.3,Bắc,Tây - Nam,4,6,6,In waiting,Basic,11.06
"Phố số 1529, Phường Mỹ Đình 1, Nam Từ Liêm, Hà Nội",76.6,6.5,5.5,Đông,Đông,5,5,6,Have certificate,Basic,13.11
"Phố số 1530, Phường Hàng Bạc, Hoàn Kiếm, Hà Nội",35.0,6.2,7.4,Nam,Đông,2,2,2,Have certificate,Basic,11.49
"Phố số 1531, Phường 11, Gò Vấp, Hồ Chí Minh",60.9,4.9,7.7,Nam,Tây - Nam,2,4,4,Have certificate,None,7.23
"Phố số 1532, Phường Dịch Vọng, Cầu Giấy, Hà Nội",118.4,3.2,11.5,Đông - Nam,Tây - Bắc,2,5,5,Unknown,Full,16.91
"Phố số 1533, Phường Khương Mai, Thanh Xuân, Hà Nội",80.8,3.6,10.2,Bắc,Đông - Nam,2,4,3,Have certificate,Basic,13.98
"Phố số 1534, Phường 11, Gò Vấp, Hồ Chí Minh",63.3,3.8,6.8,Đông,Đông - Nam,1,3,3,Have certificate,None,5.61
"Phố số 1535, Phường Thảo Điền, Thủ Đức, Hồ Chí Minh",129.4,4.2,10.9,Unknown,Đông - Nam,2,6,5,Have certificate,None,23.7
"Phố số 1536, Phường Võ Thị Sáu, Quận 3, Hồ Chí Minh",42.0,5.3,9.3,Nam,Tây - Nam,3,3,3,Have certificate,Full,10.68
"Phố số 1537, Phường Tân Phong, Quận 7, Hồ Chí Minh",55.2,6.1,5.6,Tây,Đông,2,3,3,Have certificate,Full,7.32
"Phố số 1538, Phường Khương Mai, Thanh Xuân, Hà Nội",113.2,4.7,,Nam,Đông - Nam,3,6,5,Have certificate,Full,15.11
"Phố số 1539, Phường Tân Phong, Quận 7, Hồ Chí Minh",102.9,4.8,6.8,Đông - Nam,Nam,5,7,7,Have certificate,None,18.45
"Phố số 1540, Phường Hàng Bạc, Hoàn Kiếm, Hà Nội",40.1,5.1,,Đông - Nam,Đông - Nam,5,4,4,Have certificate,Basic,17.84
"Phố số 1541, Phường Khương Mai, Thanh Xuân, Hà Nội",93.8,,,Tây - Nam,Nam,2,4,4,Have certificate,Full,13.52
"Phố số 1542, Phường Võ Thị Sáu, Quận 3, Hồ Chí Minh",53.7,3.1,5.7,Nam,Tây - Bắc,2,3,3,Have certificate,Full,11.74
"Phố số 1543, Phường Hàng Bạc, Hoàn Kiếm, Hà Nội",35.0,2.5,16.4,Đông,Tây - Nam,6,4,4,Have certificate,Full,21.22
"Phố số 1544, Phường Tân Phong, Quận 7, Hồ Chí Minh",63.9,3.5,11.7,Tây,Đông - Nam,4,4,3,In waiting,Basic,10.96
"Phố số 1545, Phường Đông Hòa, Dĩ An, Bình Dương",171.8,5.7,4.1,Nam,Nam,2,8,9,Have certificate,Basic,11.82
"Phố số 1546, Phường 25, Bình Thạnh, Hồ Chí Minh",119.3,3.5,10.1,Nam,Đông - Nam,1,5,5,Have certificate,Basic,17.55
"Phố số 1547, Phường Mỹ Đình 1, Nam Từ Liêm, Hà Nội",73.3,,8.0,Tây,Đông - Bắc,3,6,5,Have certificate,Full,12.64
"Phố số 1548, Phường Hàng Bạc, Hoàn Kiếm, Hà Nội",35.0,5.6,9.3,Đông,Đông,2,3,4,Have certificate,Full,11.28
"Phố số 1549, Phường Bến Nghé, Quận 1, Hồ Chí Minh",35.0,5.7,8.1,Tây,Unknown,4,4,4,Have certificate,None,11.8
"Phố số 1550, Phường Dịch Vọng, Cầu Giấy, Hà Nội",76.8,2.9,12.9,Nam,Đông - Bắc,5,5,5,In waiting,Full,17.66
"Phố số 1551, Phường Đông Hòa, Dĩ An, Bình Dương",90.9,6.6,9.1,Nam,Đông,8,6,6,Have certificate,None,10.27
"Phố số 1552, Phường Dịch Vọng, Cầu Giấy, Hà Nội",104.5,6.8,7.2,Đông - Nam,Tây,4,6,6,Have certificate,Full,24.3
"Phố số 1553, Phường Mỹ Đình 1, Nam Từ Liêm, Hà Nội",98.9,2.8,12.2,Bắc,Đông - Bắc,6,7,7,Have certificate,Full,22.18
"Phố số 1554, Phường Thạch Thang, Hải Châu, Đà Nẵng",102.9,3.3,,Bắc,Đông - Nam,3,5,5,Have certificate,Basic,12.45
"Phố số 1555, Phường Tân Phong, Quận 7, Hồ Chí Minh",85.6,6.9,8.0,Unknown,Đông,3,4,4,In waiting,None,10.7
"Phố số 1556, Phường Tân Phong, Quận 7, Hồ Chí Minh",128.1,4.5,8.9,Đông,Đông,5,6,6,Have certificate,Full,30.07
"Phố số 1557, Phường Dịch Vọng, Cầu Giấy, Hà Nội",57.3,2.5,7.1,Tây,Đông,2,3,3,Have certificate,Basic,9.9
"Phố số 1558, Phường Thảo Điền, Thủ Đức, Hồ Chí Minh",76.2,2.5,7.5,Đông,Đông - Nam,4,5,4,Have certificate,Basic,18.72
"Phố số 1559, Phường Mộ Lao, Hà Đông, Hà Nội",35.0,4.4,4.9,Đông,Đông - Nam,4,3,3,Have certificate,Full,5.02
"Phố số 1560, Phường An Hải Bắc, Sơn Trà, Đà Nẵng",56.7,2.7,4.1,Tây,Nam,4,4,4,In waiting,Full,4.7
"Phố số 1561, Phường Thảo Điền, Thủ Đức, Hồ Chí Minh",117.8,4.1,3.0,Đông - Nam,Đông - Nam,5,6,7,Have certificate,None,28.91
"Phố số 1562, Phường Tân Phong, Quận 7, Hồ Chí Minh",101.3,4.9,1.5,Nam,Bắc,5,7,7,Have certificate,Full,18.29
"Phố số 1563, Phường Mỹ Đình 1, Nam Từ Liêm, Hà Nội",35.0,7.4,3.5,Nam,Tây - Nam,6,4,4,In waiting,Basic,5.51
"Phố số 1564, Phường 11, Gò Vấp, Hồ Chí Minh",177.8,4.3,6.7,Tây,Tây - Nam,3,9,10,In waiting,Unknown,19.96
"Phố số 1565, Phường Mỹ Đình 1, Nam Từ Liêm, Hà Nội",80.9,6.7,8.0,Nam,Đông,2,4,5,Have certificate,Full,12.14
"Phố số 1566, Phường Thảo Điền, Thủ Đức, Hồ Chí Minh",81.7,7.4,6.3,Nam,Tây - Nam,6,5,5,Have certificate,Full,19.07
"Phố số 1567, Phường Khương Mai, Thanh Xuân, Hà Nội",54.8,7.4,1.5,Unknown,Unknown,3,4,3,Have certificate,Full,8.68
"Phố số 1568, Phường Bến Nghé, Quận 1, Hồ Chí Minh",61.1,5.3,14.6,Nam,Nam,7,6,6,Have certificate,Full,31.84
"Phố số 1569, Phường Dịch Vọng, Cầu Giấy, Hà Nội",80.5,2.5,12.4,Nam,Đông - Bắc,2,5,5,Have certificate,Full,19.16
"Phố số 1570, Phường 25, Bình Thạnh, Hồ Chí Minh",98.6,5.6,9.5,Tây - Nam,Nam,5,6,5,Have certificate,Basic,18.51
"Phố số 1571, Phường Dịch Vọng, Cầu Giấy, Hà Nội",87.6,6.7,,Tây,Tây,4,5,5,Have certificate,Basic,18.65
"Phố số 1572, Phường Võ Thị Sáu, Quận 3, Hồ Chí Minh",57.1,4.7,3.1,Đông - Nam,Tây,2,3,3,Have certificate,Basic,11.97
"Phố số 1573, Phường Bồ Đề, Long Biên, Hà Nội",46.5,7.9,16.0,Tây - Nam,Bắc,2,3,3,Have certificate,None,6.03
"Phố số 1574, Phường Mộ Lao, Hà Đông, Hà Nội",44.9,,3.2,Đông - Nam,Đông - Nam,1,1,1,Have certificate,Full,4.64
"Phố số 1575, Phường Tân Phong, Quận 7, Hồ Chí Minh",122.1,5.8,8.6,Đông,Nam,1,6,6,Have certificate,Full,15.54
"Phố số 1576, Phường Bến Nghé, Quận 1, Hồ Chí Minh",115.2,6.8,,Nam,Đông - Nam,2,5,5,Have certificate,Full,37.22
"Phố số 1577, Phường Bến Nghé, Quận 1, Hồ Chí Minh",94.4,5.4,7.6,Nam,Đông,3,6,6,Have certificate,Full,34.52
"Phố số 1578, Phường Dịch Vọng, Cầu Giấy, Hà Nội",121.7,2.5,9.2,Đông,Đông,3,6,6,Have certificate,Full,27.84
"Phố số 1579, Phường Dịch Vọng, Cầu Giấy, Hà Nội",70.5,3.9,6.8,Tây - Bắc,Nam,2,4,4,Have certificate,Basic,12.26
"Phố số 1580, Phường Hàng Bạc, Hoàn Kiếm, Hà Nội",110.6,7.0,10.7,Đông - Bắc,Đông - Bắc,3,6,6,Have certificate,None,37.89
"Phố số 1581, Phường Tân Phong, Quận 7, Hồ Chí Minh",96.7,3.3,7.9,Tây - Bắc,Nam,2,4,5,Have certificate,Unknown,13.73
"Phố số 1582, Phường Thảo Điền, Thủ Đức, Hồ Chí Minh",112.0,4.4,5.1,Tây - Nam,Tây,6,7,7,Have certificate,Full,30.45
"Phố số 1583, Phường Dịch Vọng, Cầu Giấy, Hà Nội",42.4,2.9,4.9,Đông - Nam,Đông - Nam,1,2,1,Have certificate,None,6.06
"Phố số 1584, Phường 25, Bình Thạnh, Hồ Chí Minh",35.0,8.0,,Nam,Nam,3,3,4,Have certificate,None,6.23
"Phố số 1585, Xã Xuân Quan, Văn Giang, Hưng Yên",85.0,7.8,,Bắc,Tây - Nam,1,4,4,Have certificate,Full,8.05
"Phố số 1586, Phường Võ Thị Sáu, Quận 3, Hồ Chí Minh",62.8,3.2,11.6,Tây - Nam,Tây - Nam,4,4,5,In waiting,Full,18.45
"Phố số 1587, Phường Khương Mai, Thanh Xuân, Hà Nội",35.0,5.1,13.0,Unknown,Đông - Nam,1,1,1,Have certificate,Unknown,5.52
"Phố số 1588, Phường Thảo Điền, Thủ Đức, Hồ Chí Minh",131.2,3.6,1.5,Đông - Nam,Tây,1,5,5,Unknown,Basic,17.04
"Phố số 1589, Phường Thảo Điền, Thủ Đức, Hồ Chí Minh",115.4,5.9,,Nam,Tây - Nam,7,9,8,Have certificate,Unknown,29.31
"Phố số 1590, Phường Khương Mai, Thanh Xuân, Hà Nội",88.6,,16.8,Nam,Tây,3,5,6,In waiting,Basic,13.25
"Phố số 1591, Phường Khương Mai, Thanh Xuân, Hà Nội",48.1,6.3,8.6,Nam,Tây,5,5,6,Have certificate,Full,11.15
"Phố số 1592, Phường Hoàng Văn Thụ, Hồng Bàng, Hải Phòng",35.0,5.4,10.2,Nam,Đông,7,4,4,Have certificate,Full,6.24
"Phố số 1593, Phường Võ Thị Sáu, Quận 3, Hồ Chí Minh",35.0,10.1,12.2,Đông,Bắc,4,4,3,Have certificate,Unknown,7.72
"Phố số 1594, Phường Võ Thị Sáu, Quận 3, Hồ Chí Minh",56.5,,6.3,Tây - Nam,Tây,7,5,4,Have certificate,Full,16.39
"Phố số 1595, Phường Khương Mai, Thanh Xuân, Hà Nội",103.6,,8.3,Nam,Tây - Bắc,3,5,5,Have certificate,Full,15.95
"Phố số 1596, Phường Hàng Bạc, Hoàn Kiếm, Hà Nội",63.2,4.1,,Đông - Nam,Tây,3,4,4,Have certificate,Basic,20.52
"Phố số 1597, Phường 11, Gò Vấp, Hồ Chí Minh",94.9,2.5,8.1,Đông - Bắc,Tây,1,5,5,In waiting,Full,9.51
"Phố số 1598, Phường Bến Nghé, Quận 1, Hồ Chí Minh",97.2,,9.7,Đông,Đông,8,8,8,Have certificate,Full,45.0
"Phố số 1599, Phường Bến Nghé, Quận 1, Hồ Chí Minh",102.9,3.0,9.8,Tây - Nam,Đông - Nam,7,6,6,In waiting,Basic,37.06
"Phố số 1600, Phường Thạch Thang, Hải Châu, Đà Nẵng",35.0,3.1,12.3,Đông,Bắc,1,2,1,Have certificate,Full,4.14
"Phố số 1601, Phường Tân Phong, Quận 7, Hồ Chí Minh",50.4,3.1,4.0,Bắc,Đông - Bắc,5,3,3,Have certificate,Full,10.11
"Phố số 1602, Phường 11, Gò Vấp, Hồ Chí Minh",94.1,5.7,5.1,Tây - Nam,Nam,5,5,5,Have certificate,Full,15.3
"Phố số 1603, Phường Tân Phong, Quận 7, Hồ Chí Minh",144.5,,16.0,Tây - Bắc,Nam,5,8,9,Have certificate,Basic,29.23
"Phố số 1604, Phường Thảo Điền, Thủ Đức, Hồ Chí Minh",125.7,4.5,6.8,Đông,Tây - Nam,1,4,4,Have certificate,Full,21.03
"Phố số 1605, Phường Bến Nghé, Quận 1, Hồ Chí Minh",86.4,6.4,8.4,Nam,Đông,2,5,5,Have certificate,Full,28.49
"Phố số 1606, Phường Hàng Bạc, Hoàn Kiếm, Hà Nội",131.9,3.4,7.2,Nam,Đông - Nam,5,8,8,Have certificate,Basic,45.0
"Phố số 1607, Phường Bến Nghé, Quận 1, Hồ Chí Minh",86.1,4.3,3.8,Đông,Đông - Nam,7,7,8,Have certificate,Full,42.11
"Phố số 1608, Phường Mỹ Đình 1, Nam Từ Liêm, Hà Nội",35.0,5.5,14.8,Đông,Đông - Bắc,7,4,3,Have certificate,Full,8.42
"Phố số 1609, Phường Tân Phong, Quận 7, Hồ Chí Minh",102.0,2.5,5.1,Đông - Bắc,Nam,3,5,5,Have certificate,Basic,14.21
"Phố số 1610, Phường Hàng Bạc, Hoàn Kiếm, Hà Nội",127.7,2.5,2.4,Nam,Đông,4,8,9,Have certificate,Full,45.0
"Phố số 1611, Phường Thạch Thang, Hải Châu, Đà Nẵng",165.5,5.4,5.5,Tây - Nam,Đông - Bắc,6,10,10,Have certificate,Full,29.18
"Phố số 1612, Phường Dịch Vọng, Cầu Giấy, Hà Nội",55.6,5.7,1.5,Tây,Đông - Bắc,2,4,4,Have certificate,Basic,9.51
"Phố số 1613, Phường Hàng Bạc, Hoàn Kiếm, Hà Nội",40.0,8.5,4.6,Đông - Bắc,Đông - Nam,1,3,3,Have certificate,Basic,11.68
"Phố số 1614, Phường 11, Gò Vấp, Hồ Chí Minh",110.8,5.1,,Đông,Đông - Nam,1,5,6,Have certificate,Basic,11.52
"Phố số 1615, Phường 11, Gò Vấp, Hồ Chí Minh",91.4,6.3,10.3,Unknown,Tây - Nam,4,5,5,Have certificate,Basic,14.67
"Phố số 1616, Phường Khương Mai, Thanh Xuân, Hà Nội",87.5,,4.5,Đông,Đông - Bắc,3,5,5,Have certificate,Basic,15.28
"Phố số 1617, Phường Hoàng Văn Thụ, Hồng Bàng, Hải Phòng",132.8,5.3,11.5,Đông - Nam,Đông - Nam,3,6,5,In waiting,Basic,15.24
"Phố số 1618, Phường Khương Mai, Thanh Xuân, Hà Nội",110.6,7.8,,Tây,Nam,4,6,5,Have certificate,Full,20.9
"Phố số 1619, Phường Hàng Bạc, Hoàn Kiếm, Hà Nội",95.5,2.5,11.0,Đông - Nam,Bắc,5,6,7,Have certificate,Full,36.98
"Phố số 1620, Phường Bồ Đề, Long Biên, Hà Nội",59.3,,6.5,Đông - Bắc,Tây - Bắc,1,3,3,Have certificate,Basic,6.22
"Phố số 1621, Phường 25, Bình Thạnh, Hồ Chí Minh",106.4,8.6,8.1,Đông - Nam,Đông,8,8,8,Have certificate,Full,34.47
"Phố số 1622, Phường Bến Nghé, Quận 1, Hồ Chí Minh",39.1,5.3,,Đông - Nam,Đông - Nam,6,4,5,Have certificate,Basic,12.74
"Phố số 1623, Phường Hàng Bạc, Hoàn Kiếm, Hà Nội",86.0,7.8,6.9,Đông - Nam,Nam,1,4,4,Have certificate,Full,29.94
"Phố số 1624, Phường Đông Hòa, Dĩ An, Bình Dương",73.8,3.7,3.6,Nam,Đông - Nam,3,4,3,Have certificate,Full,6.64
"Phố số 1625, Phường Võ Thị Sáu, Quận 3, Hồ Chí Minh",35.0,4.7,10.6,Đông - Nam,Đông - Nam,4,2,2,Have certificate,None,8.55
"Phố số 1626, Phường Khương Mai, Thanh Xuân, Hà Nội",91.5,4.9,19.1,Đông - Nam,Đông,1,5,5,Have certificate,Full,14.86
"Phố số 1627, Phường Tân Phong, Quận 7, Hồ Chí Minh",55.7,2.5,9.7,Đông - Bắc,Đông,4,4,4,Have certificate,Basic,10.22
"Phố số 1628, Phường Hàng Bạc, Hoàn Kiếm, Hà Nội",90.5,2.7,1.5,Đông - Bắc,Đông - Nam,7,7,6,In waiting,Full,40.71
"Phố số 1629, Phường Bến Nghé, Quận 1, Hồ Chí Minh",45.0,2.8,,Tây,Bắc,1,2,2,In waiting,Full,9.53
"Phố số 1630, Phường 25, Bình Thạnh, Hồ Chí Minh",111.1,6.3,,Tây,Tây - Nam,3,5,5,Have certificate,Full,19.79
"Phố số 1631, Phường Bồ Đề, Long Biên, Hà Nội",155.1,6.4,7.9,Đông,Tây - Nam,1,8,8,Have certificate,Full,18.88
"Phố số 1632, Phường 11, Gò Vấp, Hồ Chí Minh",39.1,5.4,4.2,Bắc,Unknown,4,3,3,Have certificate,Unknown,5.71
"Phố số 1633, Phường Khương Mai, Thanh Xuân, Hà Nội",45.0,,8.6,Đông,Tây - Nam,4,3,3,Have certificate,None,8.66
"Phố số 1634, Phường Mỹ Đình 1, Nam Từ Liêm, Hà Nội",35.5,4.5,1.9,Đông,Bắc,2,3,3,Have certificate,Basic,4.28
"Phố số 1635, Phường An Hải Bắc, Sơn Trà, Đà Nẵng",67.4,7.0,3.2,Đông - Bắc,Nam,6,6,6,Have certificate,None,8.87
"Phố số 1636, Phường Tân Phong, Quận 7, Hồ Chí Minh",89.8,4.8,10.4,Đông - Nam,Đông - Nam,3,6,7,Have certificate,Basic,17.4
"Phố số 1637, Phường Thảo Điền, Thủ Đức, Hồ Chí Minh",103.3,4.9,2.9,Tây,Đông,5,6,7,Have certificate,Full,23.72
"Phố số 1638, Phường Võ Thị Sáu, Quận 3, Hồ Chí Minh",85.2,,9.9,Đông,Đông,5,5,5,Have certificate,Full,29.36
"Phố số 1639, Phường Hoàng Văn Thụ, Hồng Bàng, Hải Phòng",101.9,6.0,,Đông - Nam,Đông - Nam,4,5,6,Have certificate,Basic,11.59
"Phố số 1640, Phường An Hải Bắc, Sơn Trà, Đà Nẵng",72.5,4.0,15.4,Đông - Nam,Tây - Nam,1,4,5,Have certificate,Full,8.05
"Phố số 1641, Phường Hàng Bạc, Hoàn Kiếm, Hà Nội",55.4,6.6,4.0,Đông - Nam,Đông - Nam,7,5,5,Have certificate,Full,23.08
"Phố số 1642, Phường Mộ Lao, Hà Đông, Hà Nội",45.6,2.8,6.5,Bắc,Tây - Nam,3,3,3,In waiting,None,4.4
"Phố số 1643, Phường Hàng Bạc, Hoàn Kiếm, Hà Nội",68.7,2.8,9.0,Unknown,Đông,6,5,6,Have certificate,Full,40.24
"Phố số 1644, Phường Dịch Vọng, Cầu Giấy, Hà Nội",46.2,,,Nam,Tây - Nam,2,2,2,Have certificate,Full,7.89
"Phố số 1645, Phường Bến Nghé, Quận 1, Hồ Chí Minh",88.5,4.6,8.1,Nam,Đông,3,6,6,Have certificate,Full,29.33
"Phố số 1646, Phường Bồ Đề, Long Biên, Hà Nội",46.6,4.0,10.1,Đông - Nam,Unknown,1,2,2,Have certificate,Basic,5.51
"Phố số 1647, Phường Võ Thị Sáu, Quận 3, Hồ Chí Minh",58.5,,11.8,Tây,Nam,1,2,2,Have certificate,Full,13.37
"Phố số 1648, Phường Mỹ Đình 1, Nam Từ Liêm, Hà Nội",121.8,3.7,11.1,Đông - Nam,Unknown,4,5,5,Have certificate,Basic,17.64
"Phố số 1649, Phường Mỹ Đình 1, Nam Từ Liêm, Hà Nội",127.3,4.4,6.7,Tây - Bắc,Đông - Nam,3,6,6,In waiting,Full,15.96
"Phố số 1650, Phường Khương Mai, Thanh Xuân, Hà Nội",125.4,7.3,6.8,Tây - Nam,Tây - Nam,1,5,5,Have certificate,Basic,18.2
"Phố số 1651, Phường Bến Nghé, Quận 1, Hồ Chí Minh",73.1,7.6,18.1,Bắc,Đông,2,4,3,In waiting,Full,24.63
"Phố số 1652, Phường 11, Gò Vấp, Hồ Chí Minh",56.5,7.6,11.8,Tây - Nam,Tây,2,4,5,Have certificate,Unknown,5.92
"Phố số 1653, Phường 11, Gò Vấp, Hồ Chí Minh",94.9,4.3,3.4,Đông - Bắc,Đông - Bắc,2,4,4,Have certificate,Basic,10.14
"Phố số 1654, Phường Thảo Điền, Thủ Đức, Hồ Chí Minh",47.1,7.0,7.9,Tây - Nam,Tây,3,3,2,Have certificate,Basic,9.61
"Phố số 1655, Phường Bến Nghé, Quận 1, Hồ Chí Minh",105.7,3.1,,Tây,Đông - Nam,4,6,5,Have certificate,Basic,33.12
"Phố số 1656, Phường Phú Cường, Thủ Dầu Một, Bình Dương",53.9,3.2,6.9,Tây,Tây,8,6,6,Unknown,Basic,4.7
"Phố số 1657, Phường Hàng Bạc, Hoàn Kiếm, Hà Nội",67.2,2.5,2.0,Tây - Nam,Đông - Nam,1,4,5,Have certificate,Full,18.92
"Phố số 1658, Phường 11, Gò Vấp, Hồ Chí Minh",106.8,7.8,5.6,Tây - Nam,Đông - Nam,7,7,6,Have certificate,Basic,18.68
"Phố số 1659, Phường Thảo Điền, Thủ Đức, Hồ Chí Minh",35.0,3.2,15.7,Tây - Bắc,Đông - Nam,1,2,1,Have certificate,Basic,6.52
"Phố số 1660, Phường 25, Bình Thạnh, Hồ Chí Minh",55.1,4.6,10.1,Tây - Bắc,Đông,4,5,5,Have certificate,Basic,9.77
"Phố số 1661, Phường Dịch Vọng, Cầu Giấy, Hà Nội",89.4,3.2,1.5,Tây - Nam,Đông - Bắc,6,7,7,Have certificate,Full,23.59
"Phố số 1662, Phường Hàng Bạc, Hoàn Kiếm, Hà Nội",98.6,6.1,13.0,Đông - Nam,Đông - Nam,1,6,6,Have certificate,Full,28.58
"Phố số 1663, Phường An Hải Bắc, Sơn Trà, Đà Nẵng",91.1,4.1,12.4,Đông - Nam,Đông - Nam,1,4,4,Have certificate,Full,9.11
"Phố số 1664, Phường 25, Bình Thạnh, Hồ Chí Minh",66.8,2.5,5.9,Bắc,Tây - Nam,4,4,4,Have certificate,Full,13.94
"Phố số 1665, Phường Hoàng Văn Thụ, Hồng Bàng, Hải Phòng",111.9,5.6,10.7,Đông - Nam,Unknown,7,6,6,Have certificate,None,21.93
"Phố số 1666, Phường Mộ Lao, Hà Đông, Hà Nội",44.8,2.5,3.6,Đông - Nam,Tây - Nam,1,2,3,Have certificate,Full,4.53
"Phố số 1667, Phường Tân Phong, Quận 7, Hồ Chí Minh",43.8,3.3,5.4,Nam,Tây - Nam,2,2,1,Have certificate,Full,6.45
"Phố số 1668, Phường Phú Cường, Thủ Dầu Một, Bình Dương",89.0,2.5,14.2,Tây - Nam,Đông,6,6,6,Have certificate,Basic,8.54
"Phố số 1669, Phường Võ Thị Sáu, Quận 3, Hồ Chí Minh",42.2,2.5,6.3,Tây - Nam,Đông - Bắc,3,2,3,Have certificate,None,11.46
"Phố số 1670, Phường Mỹ Đình 1, Nam Từ Liêm, Hà Nội",157.6,5.1,1.5,Nam,Unknown,2,8,9,Have certificate,Basic,19.79
"Phố số 1671, Phường Thảo Điền, Thủ Đức, Hồ Chí Minh",55.9,2.5,7.2,Đông - Nam,Đông,3,4,3,Have certificate,Full,12.84
"Phố số 1672, Phường Thạch Thang, Hải Châu, Đà Nẵng",110.9,2.5,7.1,Đông - Bắc,Nam,5,7,8,Have certificate,Full,18.34
"Phố số 1673, Phường Mộ Lao, Hà Đông, Hà Nội",38.3,4.8,12.9,Tây - Bắc,Tây,6,4,4,In waiting,Full,6.02
"Phố số 1674, Phường Mỹ Đình 1, Nam Từ Liêm, Hà Nội",142.0,3.8,,Đông - Nam,Tây - Bắc,2,6,6,Have certificate,Full,18.95
"Phố số 1675, Phường Mỹ Đình 1, Nam Từ Liêm, Hà Nội",75.5,8.4,,Đông - Nam,Đông - Nam,1,4,4,Have certificate,Full,8.73
"Phố số 1676, Phường 11, Gò Vấp, Hồ Chí Minh",55.2,8.1,12.2,Tây - Nam,Đông,2,2,2,Have certificate,Full,8.02
"Phố số 1677, Phường Bến Nghé, Quận 1, Hồ Chí Minh",64.5,3.2,8.0,Tây,Đông - Bắc,7,5,4,Have certificate,None,23.94
"Phố số 1678, Phường Thảo Điền, Thủ Đức, Hồ Chí Minh",50.7,,4.1,Tây,Đông,3,4,4,Have certificate,Full,9.55
"Phố số 1679, Phường Võ Thị Sáu, Quận 3, Hồ Chí Minh",67.2,6.1,12.7,Đông - Bắc,Nam,4,3,3,Have certificate,Full,19.92
"Phố số 1680, Phường Khương Mai, Thanh Xuân, Hà Nội",39.5,3.7,8.4,Bắc,Tây - Nam,1,2,3,Have certificate,Unknown,5.6
"Phố số 1681, Phường 11, Gò Vấp, Hồ Chí Minh",56.1,2.5,7.5,Đông - Nam,Nam,3,4,4,In waiting,Basic,6.94
"Phố số 1682, Xã Xuân Quan, Văn Giang, Hưng Yên",109.9,4.8,8.3,Đông - Nam,Nam,1,5,5,Have certificate,Full,10.22
"Phố số 1683, Phường Dịch Vọng, Cầu Giấy, Hà Nội",83.0,4.5,2.7,Tây - Nam,Unknown,4,4,4,Have certificate,Full,16.7
"Phố số 1684, Phường Mỹ Đình 1, Nam Từ Liêm, Hà Nội",44.3,4.0,5.1,Tây,Tây - Nam,6,4,4,Have certificate,Unknown,7.91
"Phố số 1685, Phường Võ Thị Sáu, Quận 3, Hồ Chí Minh",68.3,5.6,7.5,Tây - Nam,Bắc,8,5,5,Have certificate,Full,28.26
"Phố số 1686, Phường Mộ Lao, Hà Đông, Hà Nội",127.9,3.4,6.6,Tây - Bắc,Tây,4,7,7,Have certificate,Basic,18.66
"Phố số 1687, Phường An Hải Bắc, Sơn Trà, Đà Nẵng",59.3,2.7,13.2,Tây,Tây - Nam,3,4,4,Have certificate,None,7.68
"Phố số 1688, Phường 25, Bình Thạnh, Hồ Chí Minh",41.9,5.0,8.5,Đông - Bắc,Tây,1,1,1,Have certificate,Full,6.11
"Phố số 1689, Phường Dịch Vọng, Cầu Giấy, Hà Nội",96.9,,11.3,Đông - Nam,Nam,5,5,5,Have certificate,Basic,28.68
"Phố số 1690, Phường Bồ Đề, Long Biên, Hà Nội",35.0,2.7,7.5,Đông - Nam,Tây - Nam,4,3,2,Have certificate,Unknown,4.77
"Phố số 1691, Phường Võ Thị Sáu, Quận 3, Hồ Chí Minh",65.3,6.5,12.3,Tây,Tây - Nam,4,4,4,Other,Basic,16.42
"Phố số 1692, Phường Hàng Bạc, Hoàn Kiếm, Hà Nội",133.2,2.5,9.3,Đông - Nam,Tây - Nam,7,8,8,In waiting,Full,45.0
"Phố số 1693, Phường Thảo Điền, Thủ Đức, Hồ Chí Minh",67.3,3.8,7.6,Đông - Nam,Đông - Nam,3,4,5,Have certificate,None,15.12
"Phố số 1694, Phường Võ Thị Sáu, Quận 3, Hồ Chí Minh",115.0,4.3,7.4,Bắc,Nam,4,7,7,Have certificate,Basic,36.5
"Phố số 1695, Phường Thảo Điền, Thủ Đức, Hồ Chí Minh",41.6,3.7,3.2,Bắc,Nam,6,4,5,Have certificate,Basic,9.7
"Phố số 1696, Phường Bến Nghé, Quận 1, Hồ Chí Minh",66.1,3.8,9.8,Đông - Nam,Tây - Nam,3,3,2,Have certificate,Basic,21.67
"Phố số 1697, Phường Bến Nghé, Quận 1, Hồ Chí Minh",63.0,8.2,7.3,Tây,Unknown,4,4,4,Have certificate,Full,25.04
"Phố số 1698, Phường Võ Thị Sáu, Quận 3, Hồ Chí Minh",94.5,3.3,5.2,Đông - Nam,Tây - Bắc,4,6,6,Have certificate,Full,24.78
"Phố số 1699, Phường Đông Hòa, Dĩ An, Bình Dương",77.5,9.2,12.5,Nam,Đông - Nam,3,4,4,Have certificate,Full,6.35
"Phố số 1700, Phường Hàng Bạc, Hoàn Kiếm, Hà Nội",141.4,5.6,1.9,Tây - Nam,Nam,1,6,7,Have certificate,Full,34.74
"Phố số 1701, Phường Đông Hòa, Dĩ An, Bình Dương",57.7,5.0,5.6,Đông - Bắc,Đông - Nam,5,4,5,Have certificate,Full,5.98
"Phố số 1702, Phường 25, Bình Thạnh, Hồ Chí Minh",77.1,5.7,12.1,Đông - Nam,Nam,3,4,4,Have certificate,Full,17.18
"Phố số 1703, Phường 11, Gò Vấp, Hồ Chí Minh",64.2,9.4,8.9,Nam,Tây,3,4,4,In waiting,Full,7.22
"Phố số 1704, Phường Hàng Bạc, Hoàn Kiếm, Hà Nội",74.4,,7.3,Đông - Nam,Bắc,7,6,7,Have certificate,None,32.02
"Phố số 1705, Phường 25, Bình Thạnh, Hồ Chí Minh",71.2,2.8,8.6,Unknown,Đông - Nam,3,3,3,In waiting,Basic,10.47
"Phố số 1706, Phường Võ Thị Sáu, Quận 3, Hồ Chí Minh",46.9,3.4,8.3,Đông - Bắc,Nam,2,3,4,In waiting,Basic,8.93
"Phố số 1707, Phường Dịch Vọng, Cầu Giấy, Hà Nội",107.1,4.9,1.5,Đông,Đông - Nam,3,6,7,Have certificate,Basic,17.78
"Phố số 1708, Phường Tân Phong, Quận 7, Hồ Chí Minh",53.1,2.5,5.9,Đông - Nam,Nam,1,3,3,Have certificate,Full,5.78
"Phố số 1709, Phường Dịch Vọng, Cầu Giấy, Hà Nội",51.2,4.8,14.8,Tây - Nam,Tây,1,2,2,Have certificate,Basic,8.73
"Phố số 1710, Phường Dịch Vọng, Cầu Giấy, Hà Nội",35.0,7.8,,Tây - Nam,Tây - Nam,4,3,3,In waiting,Basic,7.32
"Phố số 1711, Phường Võ Thị Sáu, Quận 3, Hồ Chí Minh",56.9,5.1,6.1,Tây,Đông - Bắc,2,3,2,Have certificate,Basic,13.54
"Phố số 1712, Phường Bến Nghé, Quận 1, Hồ Chí Minh",52.7,4.3,5.1,Nam,Đông,2,2,2,Have certificate,Full,16.62
"Phố số 1713, Phường Mỹ Đình 1, Nam Từ Liêm, Hà Nội",35.0,3.7,7.1,Unknown,Nam,6,5,4,Have certificate,Basic,6.41
"Phố số 1714, Phường 25, Bình Thạnh, Hồ Chí Minh",35.0,,,Đông,Đông - Nam,2,2,2,Have certificate,Basic,4.74
"Phố số 1715, Phường Bến Nghé, Quận 1, Hồ Chí Minh",67.0,3.3,9.7,Nam,Đông - Nam,4,3,4,Have certificate,Basic,24.82
"Phố số 1716, Phường Hoàng Văn Thụ, Hồng Bàng, Hải Phòng",138.5,,8.4,Nam,Đông - Bắc,1,6,5,Have certificate,Full,14.53
"Phố số 1717, Phường Bến Nghé, Quận 1, Hồ Chí Minh",35.0,8.3,11.0,Đông,Tây,4,3,2,Have certificate,Basic,12.61
"Phố số 1718, Phường Khương Mai, Thanh Xuân, Hà Nội",73.7,5.3,,Tây - Bắc,Đông - Bắc,1,4,4,In waiting,Basic,9.13
"Phố số 1719, Xã Xuân Quan, Văn Giang, Hưng Yên",66.2,4.8,6.0,Đông - Bắc,Đông - Nam,1,3,3,Have certificate,Basic,5.59
"Phố số 1720, Phường Tân Phong, Quận 7, Hồ Chí Minh",100.5,6.7,6.5,Tây - Nam,Đông - Bắc,1,4,4,Have certificate,Basic,11.62
"Phố số 1721, Phường Võ Thị Sáu, Quận 3, Hồ Chí Minh",103.9,6.8,,Đông - Nam,Đông - Nam,1,4,4,In waiting,Full,19.93
"Phố số 1722, Phường Võ Thị Sáu, Quận 3, Hồ Chí Minh",185.3,,3.9,Đông - Nam,Đông - Nam,3,8,7,Have certificate,Full,45.0
"Phố số 1723, Phường 11, Gò Vấp, Hồ Chí Minh",84.4,3.9,11.6,Đông,Nam,6,6,5,Have certificate,Full,15.05
"Phố số 1724, Phường Võ Thị Sáu, Quận 3, Hồ Chí Minh",49.2,2.5,12.8,Đông - Bắc,Đông,5,4,5,Have certificate,Full,17.16
"Phố số 1725, Phường Khương Mai, Thanh Xuân, Hà Nội",56.1,5.5,3.1,Đông - Bắc,Tây,3,4,4,In waiting,Full,6.85
"Phố số 1726, Phường Bến Nghé, Quận 1, Hồ Chí Minh",59.0,6.0,5.3,Nam,Tây - Nam,3,3,3,Have certificate,Full,19.33
"Phố số 1727, Phường Hàng Bạc, Hoàn Kiếm, Hà Nội",53.8,2.5,,Đông - Nam,Đông - Nam,4,4,5,Have certificate,Full,19.97
"Phố số 1728, Phường Hoàng Văn Thụ, Hồng Bàng, Hải Phòng",154.3,,19.3,Nam,Đông - Nam,2,8,9,Have certificate,Basic,19.35
"Phố số 1729, Phường Mỹ Đình 1, Nam Từ Liêm, Hà Nội",101.6,2.5,5.6,Bắc,Nam,3,5,4,Have certificate,None,12.95
"Phố số 1730, Phường Dịch Vọng, Cầu Giấy, Hà Nội",35.0,3.2,15.0,Đông,Đông - Nam,5,3,3,In waiting,Full,9.35
"Phố số 1731, Phường 11, Gò Vấp, Hồ Chí Minh",94.1,,1.8,Nam,Nam,7,6,6,Have certificate,Full,17.48
"Phố số 1732, Phường Dịch Vọng, Cầu Giấy, Hà Nội",42.5,3.5,3.0,Nam,Đông - Bắc,5,3,3,Have certificate,None,9.86
"Phố số 1733, Phường Hàng Bạc, Hoàn Kiếm, Hà Nội",103.4,4.3,4.4,Đông - Nam,Đông - Nam,3,5,5,Have certificate,Basic,35.05
"Phố số 1734, Phường Thảo Điền, Thủ Đức, Hồ Chí Minh",123.4,,3.7,Đông,Tây,5,8,8,Have certificate,Full,34.38
"Phố số 1735, Phường Võ Thị Sáu, Quận 3, Hồ Chí Minh",66.8,5.1,,Tây,Đông,3,4,3,Have certificate,Basic,13.7
"Phố số 1736, Phường Thạch Thang, Hải Châu, Đà Nẵng",55.8,4.7,4.3,Tây - Bắc,Nam,4,5,5,Have certificate,Full,7.9
"Phố số 1737, Phường 25, Bình Thạnh, Hồ Chí Minh",143.1,3.5,3.8,Đông,Nam,4,7,7,Have certificate,Basic,27.97
"Phố số 1738, Phường Tân Phong, Quận 7, Hồ Chí Minh",52.1,4.5,12.7,Đông - Nam,Đông - Bắc,6,4,4,Have certificate,Unknown,9.16
"Phố số 1739, Phường Thảo Điền, Thủ Đức, Hồ Chí Minh",49.4,5.1,13.0,Đông - Bắc,Đông,1,4,3,Have certificate,Full,9.76
"Phố số 1740, Phường Thảo Điền, Thủ Đức, Hồ Chí Minh",45.2,3.3,11.8,Đông - Bắc,Đông - Nam,1,2,1,Have certificate,None,8.32
"Phố số 1741, Phường Mỹ Đình 1, Nam Từ Liêm, Hà Nội",72.0,,,Đông - Nam,Bắc,4,4,5,Have certificate,Full,11.3
"Phố số 1742, Phường Bồ Đề, Long Biên, Hà Nội",84.3,8.1,7.9,Bắc,Đông - Nam,1,5,4,In waiting,Basic,8.35
"Phố số 1743, Phường Bồ Đề, Long Biên, Hà Nội",115.7,3.7,5.3,Tây,Tây - Bắc,4,6,6,Have certificate,Basic,17.09
"Phố số 1744, Phường Bến Nghé, Quận 1, Hồ Chí Minh",96.1,4.6,,Đông,Đông - Nam,5,4,4,Have certificate,Basic,32.12
"Phố số 1745, Phường Thảo Điền, Thủ Đức, Hồ Chí Minh",95.3,6.6,9.1,Tây - Nam,Đông - Bắc,4,6,6,Have certificate,Full,23.32
"Phố số 1746, Phường 25, Bình Thạnh, Hồ Chí Minh",132.1,11.2,2.2,Đông - Bắc,Đông,6,7,6,Have certificate,Basic,24.55
"Phố số 1747, Phường Bến Nghé, Quận 1, Hồ Chí Minh",44.1,2.6,3.0,Đông - Bắc,Đông,2,3,3,Have certificate,Basic,12.03
"Phố số 1748, Phường Tân Phong, Quận 7, Hồ Chí Minh",35.0,5.6,,Đông - Nam,Đông - Nam,8,5,5,Have certificate,Basic,7.77
"Phố số 1749, Phường Bồ Đề, Long Biên, Hà Nội",98.3,3.5,16.1,Đông - Nam,Đông - Nam,6,7,7,Have certificate,Full,19.21
"Phố số 1750, Phường Võ Thị Sáu, Quận 3, Hồ Chí Minh",70.4,,9.3,Đông - Nam,Đông - Bắc,5,6,7,Have certificate,Full,23.46
"Phố số 1751, Phường Hàng Bạc, Hoàn Kiếm, Hà Nội",115.9,3.5,12.5,Đông - Bắc,Bắc,1,6,6,Have certificate,Basic,33.3
"Phố số 1752, Phường Tân Phong, Quận 7, Hồ Chí Minh",73.6,,6.4,Đông,Đông,2,5,5,Have certificate,None,8.75
"Phố số 1753, Phường Bến Nghé, Quận 1, Hồ Chí Minh",54.8,4.7,1.5,Đông,Nam,1,3,2,Have certificate,Full,13.84
"Phố số 1754, Phường Tân Phong, Quận 7, Hồ Chí Minh",98.9,2.5,10.3,Tây,Đông - Nam,1,4,4,Other,Basic,10.45
"Phố số 1755, Xã Xuân Quan, Văn Giang, Hưng Yên",78.0,,,Nam,Tây - Nam,2,4,4,Unknown,Full,5.92
"Phố số 1756, Phường Mỹ Đình 1, Nam Từ Liêm, Hà Nội",73.6,4.9,7.8,Đông - Bắc,Nam,2,5,5,Have certificate,Full,9.91
"Phố số 1757, Phường Đông Hòa, Dĩ An, Bình Dương",201.4,5.6,6.4,Đông,Đông - Nam,3,9,9,Have certificate,Full,19.17
"Phố số 1758, Phường 25, Bình Thạnh, Hồ Chí Minh",127.5,4.0,11.8,Nam,Tây - Nam,6,8,7,Have certificate,Basic,31.99
"Phố số 1759, Phường Võ Thị Sáu, Quận 3, Hồ Chí Minh",104.8,4.1,3.1,Nam,Đông,4,5,4,Have certificate,Unknown,28.05
"Phố số 1760, Phường Hàng Bạc, Hoàn Kiếm, Hà Nội",79.2,,4.0,Tây - Bắc,Đông - Nam,3,4,4,Have certificate,None,25.75
"Phố số 1761, Phường 25, Bình Thạnh, Hồ Chí Minh",76.0,2.7,3.0,Tây,Đông - Nam,2,5,5,Have certificate,Full,10.95
"Phố số 1762, Phường Mộ Lao, Hà Đông, Hà Nội",64.4,4.2,7.9,Đông - Nam,Tây - Nam,3,4,3,Have certificate,Basic,8.7
"Phố số 1763, Phường Bến Nghé, Quận 1, Hồ Chí Minh",83.0,3.3,2.6,Tây - Bắc,Đông - Nam,3,3,4,Have certificate,Full,24.86
"Phố số 1764, Phường 25, Bình Thạnh, Hồ Chí Minh",58.4,3.2,4.4,Tây,Tây,1,2,2,Other,Full,6.75
"Phố số 1765, Phường Võ Thị Sáu, Quận 3, Hồ Chí Minh",39.2,2.5,4.3,Đông - Nam,Nam,2,1,1,Have certificate,Full,8.51
"Phố số 1766, Phường 11, Gò Vấp, Hồ Chí Minh",73.2,7.2,,Đông - Nam,Đông - Nam,4,4,4,In waiting,Full,9.25
"Phố số 1767, Phường Bồ Đề, Long Biên, Hà Nội",86.2,3.6,1.5,Nam,Đông - Bắc,5,5,4,In waiting,Basic,8.39
"Phố số 1768, Phường 25, Bình Thạnh, Hồ Chí Minh",116.0,6.9,,Tây - Nam,Đông,6,7,6,Have certificate,Basic,22.84
"Phố số 1769, Phường Thảo Điền, Thủ Đức, Hồ Chí Minh",49.5,6.7,13.1,Tây - Nam,Nam,3,4,4,Have certificate,None,9.65
"Phố số 1770, Phường Thảo Điền, Thủ Đức, Hồ Chí Minh",76.3,2.5,,Nam,Nam,2,4,4,Have certificate,Full,14.79
"Phố số 1771, Phường 25, Bình Thạnh, Hồ Chí Minh",95.7,2.8,14.4,Đông,Đông - Nam,1,6,6,Have certificate,Full,14.52
"Phố số 1772, Phường Mỹ Đình 1, Nam Từ Liêm, Hà Nội",94.7,9.4,13.5,Đông - Nam,Tây - Nam,3,5,6,Have certificate,Full,15.79
"Phố số 1773, Phường Thạch Thang, Hải Châu, Đà Nẵng",150.7,,,Đông - Nam,Nam,3,8,8,Have certificate,Full,22.32
"Phố số 1774, Phường Đông Hòa, Dĩ An, Bình Dương",65.0,4.7,7.8,Đông,Đông - Bắc,2,4,3,In waiting,Unknown,3.92
"Phố số 1775, Phường Mỹ Đình 1, Nam Từ Liêm, Hà Nội",47.4,5.3,7.6,Nam,Tây - Nam,2,3,3,Other,Full,5.56
"Phố số 1776, Phường 11, Gò Vấp, Hồ Chí Minh",78.7,3.7,10.9,Đông,Tây - Nam,3,4,4,Have certificate,None,10.94
"Phố số 1777, Phường Khương Mai, Thanh Xuân, Hà Nội",66.7,5.6,5.7,Tây - Bắc,Đông - Bắc,4,4,4,Have certificate,Full,11.37
"Phố số 1778, Phường 25, Bình Thạnh, Hồ Chí Minh",61.0,,1.5,Đông - Nam,Tây - Nam,4,4,4,In waiting,Full,10.56
"Phố số 1779, Phường Tân Phong, Quận 7, Hồ Chí Minh",57.0,2.5,,Đông - Nam,Nam,3,4,4,Have certificate,Full,9.98
"Phố số 1780, Phường Mộ Lao, Hà Đông, Hà Nội",86.4,2.5,2.4,Đông - Nam,Nam,6,6,6,Have certificate,None,13.23
"Phố số 1781, Phường Bến Nghé, Quận 1, Hồ Chí Minh",53.1,4.8,3.2,Đông,Đông - Nam,1,3,3,In waiting,Full,10.8
"Phố số 1782, Phường An Hải Bắc, Sơn Trà, Đà Nẵng",104.8,2.8,7.5,Đông - Bắc,Đông - Bắc,2,5,5,Have certificate,Unknown,9.2
"Phố số 1783, Phường 25, Bình Thạnh, Hồ Chí Minh",102.5,4.7,7.1,Tây - Nam,Đông - Bắc,4,5,5,Have certificate,Full,16.87
"Phố số 1784, Phường Dịch Vọng, Cầu Giấy, Hà Nội",90.0,2.9,1.5,Đông,Đông - Nam,4,5,4,In waiting,Full,16.47
"Phố số 1785, Phường Dịch Vọng, Cầu Giấy, Hà Nội",44.1,3.4,8.2,Nam,Tây,2,2,2,Have certificate,Basic,7.98
"Phố số 1786, Phường Thạch Thang, Hải Châu, Đà Nẵng",84.5,,11.8,Nam,Đông,4,5,4,Have certificate,Full,14.1
"Phố số 1787, Phường Dịch Vọng, Cầu Giấy, Hà Nội",119.5,5.2,,Nam,Đông,3,6,5,Have certificate,Full,26.84
"Phố số 1788, Phường Dịch Vọng, Cầu Giấy, Hà Nội",108.2,4.8,13.2,Tây - Nam,Đông - Nam,2,7,7,Have certificate,None,18.24
"Phố số 1789, Phường Bến Nghé, Quận 1, Hồ Chí Minh",101.3,6.4,1.5,Đông - Nam,Nam,5,5,5,Have certificate,Full,36.97
"Phố số 1790, Phường Hàng Bạc, Hoàn Kiếm, Hà Nội",75.7,5.7,17.0,Tây,Tây - Nam,7,5,5,In waiting,Basic,36.74
"Phố số 1791, Phường Võ Thị Sáu, Quận 3, Hồ Chí Minh",74.1,,5.6,Tây - Nam,Đông - Nam,1,3,3,Have certificate,Full,15.52
"Phố số 1792, Phường Bồ Đề, Long Biên, Hà Nội",128.4,4.0,8.2,Nam,Đông,4,7,8,Have certificate,Full,21.62
"Phố số 1793, Phường Hàng Bạc, Hoàn Kiếm, Hà Nội",85.7,,1.5,Đông,Unknown,3,5,5,Have certificate,Full,29.67
"Phố số 1794, Phường Khương Mai, Thanh Xuân, Hà Nội",86.2,2.5,7.2,Tây - Bắc,Đông - Bắc,3,5,4,Have certificate,Basic,14.73
"Phố số 1795, Phường Bến Nghé, Quận 1, Hồ Chí Minh",228.6,,8.5,Đông - Nam,Đông,1,9,9,In waiting,Basic,45.0
"Phố số 1796, Phường Bến Nghé, Quận 1, Hồ Chí Minh",64.3,6.5,7.1,Đông - Nam,Đông,1,4,4,Have certificate,Basic,16.5
"Phố số 1797, Phường Khương Mai, Thanh Xuân, Hà Nội",35.0,7.1,5.0,Đông,Đông - Nam,3,3,3,Have certificate,Basic,5.21
"Phố số 1798, Phường Bến Nghé, Quận 1, Hồ Chí Minh",68.9,6.5,3.2,Tây - Nam,Tây - Bắc,4,5,5,Have certificate,Full,26.96
"Phố số 1799, Phường Bến Nghé, Quận 1, Hồ Chí Minh",70.9,,12.6,Đông - Nam,Bắc,1,4,4,Have certificate,Full,20.18
"Phố số 1800, Phường Bến Nghé, Quận 1, Hồ Chí Minh",85.1,6.7,7.6,Tây - Bắc,Tây - Nam,1,3,3,Have certificate,Full,23.66
"Phố số 1801, Phường Đông Hòa, Dĩ An, Bình Dương",94.3,2.5,14.4,Tây - Nam,Đông - Nam,1,4,4,Have certificate,Basic,7.3
"Phố số 1802, Phường Bồ Đề, Long Biên, Hà Nội",35.0,6.4,5.1,Bắc,Đông - Nam,3,3,4,Unknown,Basic,2.95
"Phố số 1803, Phường Thảo Điền, Thủ Đức, Hồ Chí Minh",95.2,4.1,5.5,Nam,Đông - Nam,2,4,4,Have certificate,Full,17.25
"Phố số 1804, Phường 11, Gò Vấp, Hồ Chí Minh",72.9,6.1,11.2,Tây,Đông,3,4,3,Have certificate,Full,11.04
"Phố số 1805, Phường 11, Gò Vấp, Hồ Chí Minh",65.8,2.5,1.5,Nam,Đông - Nam,4,5,4,Unknown,Basic,6.82
"Phố số 1806, Phường Bồ Đề, Long Biên, Hà Nội",35.0,6.9,2.0,Nam,Tây - Nam,4,2,3,Have certificate,None,4.52
"Phố số 1807, Phường Khương Mai, Thanh Xuân, Hà Nội",140.6,,12.4,Bắc,Đông,5,7,7,Have certificate,Basic,27.34
"Phố số 1808, Phường Tân Phong, Quận 7, Hồ Chí Minh",60.6,3.6,2.2,Đông - Nam,Đông - Nam,2,2,2,Have certificate,Full,8.38
"Phố số 1809, Phường Võ Thị Sáu, Quận 3, Hồ Chí Minh",101.9,3.0,1.5,Tây - Bắc,Đông - Bắc,4,6,7,Have certificate,Basic,22.74
"Phố số 1810, Phường Bến Nghé, Quận 1, Hồ Chí Minh",49.2,,15.9,Đông,Đông - Nam,4,5,6,Have certificate,Basic,20.24
"Phố số 1811, Phường Khương Mai, Thanh Xuân, Hà Nội",86.9,5.0,1.5,Unknown,Tây,8,6,6,Unknown,Full,17.21
"Phố số 1812, Phường Bồ Đề, Long Biên, Hà Nội",66.3,8.1,8.3,Đông,Nam,1,3,2,Unknown,Basic,5.89
"Phố số 1813, Phường 11, Gò Vấp, Hồ Chí Minh",100.5,9.6,7.8,Đông - Bắc,Nam,4,6,5,Have certificate,Full,15.67
"Phố số 1814, Phường Bến Nghé, Quận 1, Hồ Chí Minh",65.2,5.0,1.5,Đông - Nam,Đông - Nam,2,4,4,Have certificate,Full,16.81
"Phố số 1815, Phường Bến Nghé, Quận 1, Hồ Chí Minh",48.0,,6.3,Đông,Unknown,3,3,3,Have certificate,Unknown,16.05
"Phố số 1816, Phường Đông Hòa, Dĩ An, Bình Dương",74.5,5.2,9.5,Đông - Bắc,Tây - Nam,2,5,5,Have certificate,None,6.46
"Phố số 1817, Phường 11, Gò Vấp, Hồ Chí Minh",72.7,5.7,9.1,Tây,Nam,1,4,4,Have certificate,Full,8.5
"Phố số 1818, Phường Bồ Đề, Long Biên, Hà Nội",84.2,,11.6,Đông - Nam,Đông - Nam,8,7,7,Have certificate,Full,17.04
"Phố số 1819, Phường Dịch Vọng, Cầu Giấy, Hà Nội",114.3,5.2,5.8,Đông,Tây - Nam,1,5,4,In waiting,Basic,13.65
"Phố số 1820, Phường Thảo Điền, Thủ Đức, Hồ Chí Minh",42.6,,10.7,Đông,Nam,1,3,2,Have certificate,Full,8.23
"Phố số 1821, Phường Tân Phong, Quận 7, Hồ Chí Minh",111.7,3.8,4.4,Đông - Nam,Unknown,5,6,6,Have certificate,Full,19.93
"Phố số 1822, Phường Võ Thị Sáu, Quận 3, Hồ Chí Minh",39.3,4.7,1.5,Đông,Tây - Bắc,3,4,3,Have certificate,Full,9.35
"Phố số 1823, Phường Dịch Vọng, Cầu Giấy, Hà Nội",98.7,4.7,1.7,Tây,Đông - Bắc,2,6,6,Have certificate,Basic,17.65
"Phố số 1824, Phường Bồ Đề, Long Biên, Hà Nội",100.2,6.3,1.5,Nam,Unknown,4,6,6,Have certificate,Full,12.55
"Phố số 1825, Phường Dịch Vọng, Cầu Giấy, Hà Nội",59.1,,12.0,Đông,Đông - Nam,5,4,5,Have certificate,Basic,17.31
"Phố số 1826, Phường Hàng Bạc, Hoàn Kiếm, Hà Nội",50.4,4.7,1.5,Tây - Bắc,Nam,1,2,3,Have certificate,Full,12.83
"Phố số 1827, Phường Bến Nghé, Quận 1, Hồ Chí Minh",49.1,,8.7,Đông - Nam,Nam,1,2,2,Have certificate,None,10.17
"Phố số 1828, Phường Đông Hòa, Dĩ An, Bình Dương",77.8,6.9,6.3,Tây - Nam,Đông - Nam,4,4,4,Other,None,5.33
"Phố số 1829, Phường Mỹ Đình 1, Nam Từ Liêm, Hà Nội",103.1,7.2,7.0,Đông - Bắc,Unknown,7,7,6,Have certificate,Basic,21.92
"Phố số 1830, Phường 11, Gò Vấp, Hồ Chí Minh",69.9,4.8,13.6,Đông - Bắc,Đông - Nam,5,5,5,In waiting,Basic,10.94
"Phố số 1831, Xã Xuân Quan, Văn Giang, Hưng Yên",35.0,5.4,5.5,Đông - Bắc,Tây,4,2,2,Have certificate,Full,4.55
"Phố số 1832, Phường Dịch Vọng, Cầu Giấy, Hà Nội",57.2,6.6,,Đông - Bắc,Đông - Bắc,4,4,4,Have certificate,Basic,11.5
"Phố số 1833, Phường Dịch Vọng, Cầu Giấy, Hà Nội",56.2,7.6,7.7,Đông - Nam,Nam,1,2,2,In waiting,None,7.37
"Phố số 1834, Phường Bồ Đề, Long Biên, Hà Nội",94.0,2.5,6.8,Đông,Đông - Nam,2,5,4,Have certificate,Full,10.23
"Phố số 1835, Phường Mỹ Đình 1, Nam Từ Liêm, Hà Nội",96.3,2.5,17.8,Tây,Đông - Nam,4,6,7,Other,Basic,14.94
"Phố số 1836, Phường Dịch Vọng, Cầu Giấy, Hà Nội",80.6,7.2,1.5,Đông - Nam,Đông - Nam,3,5,5,Have certificate,Full,16.82
"Phố số 1837, Phường Võ Thị Sáu, Quận 3, Hồ Chí Minh",111.8,4.3,13.3,Đông - Nam,Đông,2,6,7,Have certificate,Full,29.54
"Phố số 1838, Phường 11, Gò Vấp, Hồ Chí Minh",115.5,3.6,10.5,Tây,Đông,3,7,7,Have certificate,Full,16.12
"Phố số 1839, Phường An Hải Bắc, Sơn Trà, Đà Nẵng",58.8,,5.3,Đông - Bắc,Đông,3,4,4,Have certificate,Unknown,5.93
"Phố số 1840, Phường Tân Phong, Quận 7, Hồ Chí Minh",48.6,3.8,,Đông,Đông - Bắc,3,3,2,In waiting,Full,7.39
"Phố số 1841, Phường Thảo Điền, Thủ Đức, Hồ Chí Minh",72.2,2.5,1.5,Tây - Bắc,Nam,7,6,6,Have certificate,Basic,19.34
"Phố số 1842, Phường 25, Bình Thạnh, Hồ Chí Minh",80.5,8.6,,Đông - Bắc,Đông - Nam,5,5,6,Have certificate,Unknown,13.36
"Phố số 1843, Phường 25, Bình Thạnh, Hồ Chí Minh",57.4,4.8,2.1,Tây - Bắc,Tây,1,4,5,Have certificate,Basic,7.47
"Phố số 1844, Phường Dịch Vọng, Cầu Giấy, Hà Nội",254.4,,,Tây - Bắc,Nam,3,10,10,Have certificate,None,45.0
"Phố số 1845, Phường Phú Cường, Thủ Dầu Một, Bình Dương",136.9,,2.5,Đông,Nam,5,8,8,Have certificate,Full,13.41
"Phố số 1846, Phường Tân Phong, Quận 7, Hồ Chí Minh",54.8,6.5,9.4,Đông - Bắc,Đông - Bắc,5,5,5,Have certificate,Unknown,10.7
"Phố số 1847, Phường Võ Thị Sáu, Quận 3, Hồ Chí Minh",43.6,6.5,6.7,Tây - Nam,Tây - Bắc,6,4,4,Have certificate,Full,15.23
"Phố số 1848, Phường Tân Phong, Quận 7, Hồ Chí Minh",52.6,6.7,5.3,Tây,Bắc,2,3,3,Have certificate,Unknown,6.49
"Phố số 1849, Phường Thạch Thang, Hải Châu, Đà Nẵng",116.5,3.7,9.2,Tây,Đông - Nam,4,7,7,Have certificate,Full,16.28
"Phố số 1850, Phường Dịch Vọng, Cầu Giấy, Hà Nội",117.8,4.3,6.3,Đông - Nam,Đông,6,7,8,Have certificate,Full,30.55
"Phố số 1851, Phường 11, Gò Vấp, Hồ Chí Minh",137.7,6.2,2.6,Nam,Đông - Nam,1,6,6,Have certificate,Full,15.47
"Phố số 1852, Phường Mỹ Đình 1, Nam Từ Liêm, Hà Nội",47.8,,20.1,Nam,Tây - Bắc,1,3,3,Have certificate,Full,6.78
"Phố số 1853, Phường Mộ Lao, Hà Đông, Hà Nội",93.9,4.8,5.3,Tây,Đông - Nam,1,5,6,Have certificate,Full,9.0
"Phố số 1854, Phường Mộ Lao, Hà Đông, Hà Nội",50.1,5.5,1.5,Tây,Đông - Nam,3,2,2,Have certificate,Unknown,4.97
"Phố số 1855, Phường An Hải Bắc, Sơn Trà, Đà Nẵng",151.0,6.2,3.7,Đông,Bắc,4,8,7,Other,Full,16.18
"Phố số 1856, Phường Tân Phong, Quận 7, Hồ Chí Minh",48.7,2.5,1.8,Tây - Nam,Tây - Bắc,2,3,2,In waiting,Basic,5.5
"Phố số 1857, Phường Bồ Đề, Long Biên, Hà Nội",38.5,6.1,11.2,Tây,Tây - Nam,3,3,3,Other,Full,4.7
"Phố số 1858, Phường 25, Bình Thạnh, Hồ Chí Minh",42.3,4.4,8.9,Nam,Đông - Nam,3,3,4,Have certificate,None,8.0
"Phố số 1859, Phường Mộ Lao, Hà Đông, Hà Nội",74.6,6.1,9.3,Đông - Nam,Đông,4,5,6,In waiting,Basic,8.28
"Phố số 1860, Phường Khương Mai, Thanh Xuân, Hà Nội",102.5,6.2,5.8,Đông,Tây,6,6,6,Have certificate,Unknown,21.61
"Phố số 1861, Phường Bồ Đề, Long Biên, Hà Nội",99.4,7.7,6.2,Bắc,Đông,2,5,4,Have certificate,Full,11.82
"Phố số 1862, Phường Dịch Vọng, Cầu Giấy, Hà Nội",43.2,7.2,,Tây,Đông - Nam,5,4,3,Have certificate,Full,11.29
"Phố số 1863, Phường Võ Thị Sáu, Quận 3, Hồ Chí Minh",62.1,7.2,7.1,Nam,Đông - Nam,2,3,3,Have certificate,Full,14.11
"Phố số 1864, Phường Hàng Bạc, Hoàn Kiếm, Hà Nội",58.2,7.4,11.3,Đông - Nam,Tây,4,4,5,Have certificate,Basic,24.44
"Phố số 1865, Xã Xuân Quan, Văn Giang, Hưng Yên",40.1,5.3,9.0,Tây - Nam,Đông,3,3,4,Have certificate,Basic,4.92
"Phố số 1866, Phường Phú Cường, Thủ Dầu Một, Bình Dương",57.5,4.9,9.8,Tây,Đông - Bắc,4,4,4,Have certificate,Basic,4.84
"Phố số 1867, Phường Bến Nghé, Quận 1, Hồ Chí Minh",135.0,,9.7,Tây - Nam,Nam,4,7,7,Have certificate,Full,45.0
"Phố số 1868, Phường Võ Thị Sáu, Quận 3, Hồ Chí Minh",37.3,,11.5,Đông,Đông,6,4,4,Other,Basic,10.54
"Phố số 1869, Phường Võ Thị Sáu, Quận 3, Hồ Chí Minh",83.0,4.2,8.8,Đông - Nam,Unknown,6,7,6,Have certificate,None,29.3
"Phố số 1870, Phường Khương Mai, Thanh Xuân, Hà Nội",136.4,5.5,9.1,Bắc,Nam,3,6,6,Have certificate,Full,28.35
"Phố số 1871, Phường Mỹ Đình 1, Nam Từ Liêm, Hà Nội",133.2,4.7,12.8,Nam,Tây - Nam,5,7,8,Have certificate,Full,30.32
"Phố số 1872, Phường Tân Phong, Quận 7, Hồ Chí Minh",154.2,3.3,4.5,Nam,Đông - Nam,1,7,7,Have certificate,Basic,20.89
"Phố số 1873, Phường Hàng Bạc, Hoàn Kiếm, Hà Nội",86.8,7.1,3.6,Tây,Đông - Nam,2,5,6,Have certificate,Full,18.5
"Phố số 1874, Phường Mộ Lao, Hà Đông, Hà Nội",92.7,4.9,2.2,Unknown,Đông - Bắc,4,6,6,In waiting,Basic,10.16
"Phố số 1875, Phường Bồ Đề, Long Biên, Hà Nội",58.0,,,Tây - Nam,Tây,5,4,3,Have certificate,Basic,8.39
"Phố số 1876, Phường Hàng Bạc, Hoàn Kiếm, Hà Nội",36.9,2.5,1.5,Tây - Nam,Tây - Nam,4,2,1,Have certificate,Unknown,13.53
"Phố số 1877, Phường Dịch Vọng, Cầu Giấy, Hà Nội",69.9,3.8,9.6,Nam,Đông - Nam,2,4,5,Have certificate,None,11.05
"Phố số 1878, Phường Hàng Bạc, Hoàn Kiếm, Hà Nội",122.9,4.9,,Đông - Nam,Đông - Nam,7,8,8,Have certificate,Basic,45.0
"Phố số 1879, Phường 11, Gò Vấp, Hồ Chí Minh",35.0,6.8,12.6,Đông - Nam,Bắc,1,3,3,Other,Full,2.93
"Phố số 1880, Phường Hàng Bạc, Hoàn Kiếm, Hà Nội",59.3,5.5,,Tây - Nam,Nam,2,3,3,Have certificate,Full,20.38
"Phố số 1881, Phường Khương Mai, Thanh Xuân, Hà Nội",96.8,5.4,6.6,Đông - Nam,Tây,4,7,7,Have certificate,None,14.36
"Phố số 1882, Phường Thạch Thang, Hải Châu, Đà Nẵng",75.1,,12.5,Bắc,Nam,4,5,6,Have certificate,Basic,12.45
"Phố số 1883, Phường Dịch Vọng, Cầu Giấy, Hà Nội",129.9,2.7,13.7,Đông - Nam,Tây - Bắc,8,8,8,In waiting,Basic,40.36
"Phố số 1884, Phường Bồ Đề, Long Biên, Hà Nội",117.2,5.4,4.4,Đông,Bắc,2,5,6,Have certificate,Full,13.31
"Phố số 1885, Phường Võ Thị Sáu, Quận 3, Hồ Chí Minh",35.0,2.5,8.3,Đông,Đông - Nam,1,2,1,Have certificate,Full,7.98
"Phố số 1886, Phường 25, Bình Thạnh, Hồ Chí Minh",78.1,3.8,8.8,Tây - Nam,Đông - Bắc,6,5,5,Have certificate,Full,18.48
"Phố số 1887, Phường Bến Nghé, Quận 1, Hồ Chí Minh",51.3,5.7,9.2,Nam,Đông - Nam,1,3,3,Have certificate,Full,12.33
"Phố số 1888, Phường Tân Phong, Quận 7, Hồ Chí Minh",51.0,3.0,6.3,Bắc,Đông - Nam,1,2,3,Have certificate,Basic,6.64
"Phố số 1889, Phường Khương Mai, Thanh Xuân, Hà Nội",35.9,7.7,13.3,Đông,Đông,1,2,2,Have certificate,Basic,5.64
"Phố số 1890, Phường Hoàng Văn Thụ, Hồng Bàng, Hải Phòng",84.2,7.0,1.5,Đông - Bắc,Đông,3,4,4,Have certificate,Full,9.58
"Phố số 1891, Phường Bến Nghé, Quận 1, Hồ Chí Minh",131.1,2.5,5.6,Tây - Nam,Nam,5,8,8,Have certificate,Basic,45.0
"Phố số 1892, Phường Thảo Điền, Thủ Đức, Hồ Chí Minh",87.7,3.1,,Đông - Nam,Đông,2,4,4,Unknown,None,11.57
"Phố số 1893, Phường Mỹ Đình 1, Nam Từ Liêm, Hà Nội",35.0,2.5,9.6,Tây - Nam,Đông - Nam,4,3,2,In waiting,Basic,5.6
"Phố số 1894, Phường Tân Phong, Quận 7, Hồ Chí Minh",73.1,3.4,13.6,Tây - Nam,Đông - Nam,4,5,4,Have certificate,Basic,13.7
"Phố số 1895, Phường Hàng Bạc, Hoàn Kiếm, Hà Nội",95.0,,12.9,Bắc,Đông,5,6,7,In waiting,Full,40.22
"Phố số 1896, Phường Bồ Đề, Long Biên, Hà Nội",70.6,4.1,6.2,Bắc,Đông,2,4,4,Have certificate,None,8.02
"Phố số 1897, Phường Dịch Vọng, Cầu Giấy, Hà Nội",86.9,5.6,13.3,Đông - Nam,Tây - Nam,4,6,6,Have certificate,Full,24.31
"Phố số 1898, Phường Tân Phong, Quận 7, Hồ Chí Minh",53.4,2.5,4.3,Đông - Nam,Tây - Nam,4,4,5,Have certificate,None,8.8
"Phố số 1899, Phường Thảo Điền, Thủ Đức, Hồ Chí Minh",66.7,6.2,11.7,Nam,Bắc,4,4,3,Have certificate,Basic,15.17
"Phố số 1900, Phường Mỹ Đình 1, Nam Từ Liêm, Hà Nội",64.7,3.8,15.6,Unknown,Đông,2,3,3,Other,None,7.2
"Phố số 1901, Phường Hàng Bạc, Hoàn Kiếm, Hà Nội",142.0,4.8,13.0,Đông - Nam,Đông - Nam,4,7,8,In waiting,Unknown,45.0
"Phố số 1902, Phường Bến Nghé, Quận 1, Hồ Chí Minh",43.7,4.6,,Đông - Bắc,Tây - Nam,5,3,4,Have certificate,Basic,15.98
"Phố số 1903, Phường Bồ Đề, Long Biên, Hà Nội",35.0,2.5,,Tây - Nam,Tây - Nam,3,4,4,Have certificate,Full,4.02
"Phố số 1904, Phường Bến Nghé, Quận 1, Hồ Chí Minh",137.9,2.7,1.5,Tây - Nam,Đông,6,9,9,Other,Full,45.0
"Phố số 1905, Phường Bồ Đề, Long Biên, Hà Nội",79.3,6.5,8.9,Đông - Nam,Tây - Nam,1,4,4,Have certificate,Full,9.44
"Phố số 1906, Phường Tân Phong, Quận 7, Hồ Chí Minh",39.0,5.5,2.5,Nam,Nam,3,2,3,Have certificate,Full,5.75
"Phố số 1907, Phường Đông Hòa, Dĩ An, Bình Dương",112.5,6.7,3.9,Đông,Đông - Nam,3,5,5,Have certificate,Full,11.14
"Phố số 1908, Phường Thảo Điền, Thủ Đức, Hồ Chí Minh",97.7,5.4,2.1,Đông - Nam,Tây - Nam,4,6,6,In waiting,Basic,17.57
"Phố số 1909, Phường 11, Gò Vấp, Hồ Chí Minh",152.6,5.1,5.4,Đông - Nam,Đông - Nam,4,9,8,Have certificate,Full,23.54
"Phố số 1910, Phường Võ Thị Sáu, Quận 3, Hồ Chí Minh",82.3,2.5,7.4,Đông - Nam,Đông,6,6,6,Have certificate,Basic,22.73
"Phố số 1911, Phường 11, Gò Vấp, Hồ Chí Minh",201.7,4.3,8.7,Tây - Nam,Đông,1,10,10,Have certificate,None,21.02
"Phố số 1912, Phường Thạch Thang, Hải Châu, Đà Nẵng",70.9,4.8,4.8,Nam,Đông,4,5,5,Have certificate,Basic,9.51
"Phố số 1913, Phường Hoàng Văn Thụ, Hồng Bàng, Hải Phòng",97.8,8.3,12.3,Nam,Tây - Nam,2,5,5,Have certificate,None,10.62
"Phố số 1914, Phường Thảo Điền, Thủ Đức, Hồ Chí Minh",104.3,6.0,6.6,Nam,Đông - Nam,4,6,7,Have certificate,Full,23.93
"Phố số 1915, Phường 25, Bình Thạnh, Hồ Chí Minh",257.4,,4.0,Đông - Nam,Unknown,6,10,10,In waiting,Basic,45.0
"Phố số 1916, Phường Khương Mai, Thanh Xuân, Hà Nội",60.5,,8.5,Đông,Đông - Bắc,3,3,3,Have certificate,Full,11.13
"Phố số 1917, Phường Thạch Thang, Hải Châu, Đà Nẵng",59.5,3.5,16.3,Đông - Nam,Nam,2,3,4,In waiting,Basic,5.79
"Phố số 1918, Phường Dịch Vọng, Cầu Giấy, Hà Nội",105.3,5.0,9.0,Đông - Bắc,Đông - Nam,5,6,5,Have certificate,Basic,21.86
"Phố số 1919, Phường Thảo Điền, Thủ Đức, Hồ Chí Minh",37.2,5.2,5.9,Đông - Nam,Đông - Nam,3,3,3,Have certificate,Full,7.87
"Phố số 1920, Phường Thảo Điền, Thủ Đức, Hồ Chí Minh",51.1,3.1,,Tây - Bắc,Tây - Nam,5,4,5,Have certificate,Full,12.74
"Phố số 1921, Phường Khương Mai, Thanh Xuân, Hà Nội",69.9,4.1,,Đông - Nam,Nam,2,4,3,Have certificate,Basic,9.11
"Phố số 1922, Phường Bến Nghé, Quận 1, Hồ Chí Minh",150.4,4.4,8.6,Tây - Bắc,Đông - Nam,5,8,9,Have certificate,Basic,45.0
"Phố số 1923, Phường Dịch Vọng, Cầu Giấy, Hà Nội",105.3,7.7,5.8,Tây,Nam,2,5,5,Have certificate,Basic,19.5
"Phố số 1924, Phường Thảo Điền, Thủ Đức, Hồ Chí Minh",77.9,2.5,1.5,Đông - Bắc,Tây - Nam,4,5,5,Have certificate,Full,18.99
"Phố số 1925, Phường Mỹ Đình 1, Nam Từ Liêm, Hà Nội",57.7,7.0,,Bắc,Tây - Nam,1,3,3,Have certificate,Full,7.6
"Phố số 1926, Phường Bến Nghé, Quận 1, Hồ Chí Minh",177.8,3.1,14.0,Đông - Nam,Tây - Nam,4,10,10,Have certificate,Full,45.0
"Phố số 1927, Phường Dịch Vọng, Cầu Giấy, Hà Nội",72.9,2.5,14.0,Đông - Nam,Tây,1,4,5,Have certificate,Unknown,11.57
"Phố số 1928, Phường 25, Bình Thạnh, Hồ Chí Minh",51.1,6.9,3.5,Nam,Đông - Nam,2,3,3,Have certificate,None,6.67
"Phố số 1929, Phường Dịch Vọng, Cầu Giấy, Hà Nội",193.6,6.1,10.5,Nam,Tây - Nam,1,9,9,In waiting,Full,32.51
"Phố số 1930, Phường Bến Nghé, Quận 1, Hồ Chí Minh",38.2,,2.2,Nam,Đông - Nam,1,2,1,Have certificate,Full,8.94
"Phố số 1931, Phường Hàng Bạc, Hoàn Kiếm, Hà Nội",133.0,6.2,13.8,Tây - Nam,Đông,3,6,6,Have certificate,Basic,45.0
"Phố số 1932, Phường Hàng Bạc, Hoàn Kiếm, Hà Nội",75.5,8.5,8.6,Đông - Nam,Đông,4,5,5,Have certificate,Full,27.98
"Phố số 1933, Phường Hàng Bạc, Hoàn Kiếm, Hà Nội",105.2,,11.8,Nam,Đông - Nam,1,5,5,Have certificate,None,29.28
"Phố số 1934, Phường Dịch Vọng, Cầu Giấy, Hà Nội",96.6,4.5,1.5,Nam,Nam,8,8,9,Have certificate,Basic,24.39
"Phố số 1935, Phường Khương Mai, Thanh Xuân, Hà Nội",104.5,5.4,,Tây - Nam,Tây,3,5,5,Have certificate,Full,17.82
"Phố số 1936, Phường Mỹ Đình 1, Nam Từ Liêm, Hà Nội",201.9,7.0,7.5,Unknown,Đông - Nam,4,10,10,Have certificate,Full,31.42
"Phố số 1937, Phường 11, Gò Vấp, Hồ Chí Minh",187.3,3.4,11.3,Đông,Nam,3,9,8,Have certificate,Basic,30.62
"Phố số 1938, Phường Mỹ Đình 1, Nam Từ Liêm, Hà Nội",52.5,3.6,,Đông,Tây - Bắc,1,3,4,Have certificate,Full,6.36
"Phố số 1939, Phường 25, Bình Thạnh, Hồ Chí Minh",94.9,4.2,7.8,Nam,Đông,3,5,4,Have certificate,Basic,15.4
"Phố số 1940, Phường Bến Nghé, Quận 1, Hồ Chí Minh",35.0,2.5,4.8,Tây,Đông - Bắc,5,3,3,Have certificate,Full,13.63
"Phố số 1941, Phường Bến Nghé, Quận 1, Hồ Chí Minh",109.7,5.0,11.0,Đông - Nam,Tây,2,6,6,Have certificate,Full,32.1
"Phố số 1942, Phường 11, Gò Vấp, Hồ Chí Minh",121.6,2.5,7.2,Tây - Bắc,Đông - Nam,3,6,6,Have certificate,Basic,15.05
"Phố số 1943, Phường Mỹ Đình 1, Nam Từ Liêm, Hà Nội",35.0,4.9,3.6,Đông,Đông - Nam,3,3,3,Have certificate,Basic,5.24
"Phố số 1944, Phường Khương Mai, Thanh Xuân, Hà Nội",74.2,6.4,3.4,Nam,Đông - Bắc,2,3,3,Have certificate,Full,12.1
"Phố số 1945, Phường Mỹ Đình 1, Nam Từ Liêm, Hà Nội",105.1,3.9,1.5,Unknown,Đông - Bắc,4,5,4,Have certificate,Full,17.14
"Phố số 1946, Phường Hàng Bạc, Hoàn Kiếm, Hà Nội",88.7,7.8,5.2,Tây - Bắc,Đông - Nam,4,6,6,Have certificate,Basic,30.34
"Phố số 1947, Phường 25, Bình Thạnh, Hồ Chí Minh",38.6,2.5,,Tây - Nam,Nam,5,4,4,Have certificate,Basic,6.92
"Phố số 1948, Phường Võ Thị Sáu, Quận 3, Hồ Chí Minh",40.9,6.9,8.3,Đông - Nam,Nam,1,2,2,Have certificate,Full,10.11
"Phố số 1949, Phường 11, Gò Vấp, Hồ Chí Minh",70.0,6.0,5.1,Đông - Bắc,Tây,1,3,2,Have certificate,Basic,7.88
"Phố số 1950, Phường 25, Bình Thạnh, Hồ Chí Minh",60.5,,11.1,Nam,Nam,3,5,5,Have certificate,Full,10.42
"Phố số 1951, Phường Bến Nghé, Quận 1, Hồ Chí Minh",63.3,9.7,3.8,Nam,Bắc,2,3,3,Have certificate,Full,16.88
"Phố số 1952, Phường Tân Phong, Quận 7, Hồ Chí Minh",35.7,4.7,7.9,Đông - Nam,Unknown,4,3,2,Have certificate,Basic,6.28
"Phố số 1953, Phường Dịch Vọng, Cầu Giấy, Hà Nội",76.2,3.2,,Đông,Đông - Bắc,3,4,4,Have certificate,Basic,14.12
"Phố số 1954, Phường Bồ Đề, Long Biên, Hà Nội",150.9,2.5,11.0,Đông - Bắc,Tây - Nam,3,7,7,In waiting,Full,21.96
"Phố số 1955, Phường Hoàng Văn Thụ, Hồng Bàng, Hải Phòng",39.5,,1.5,Nam,Nam,1,1,1,Have certificate,Full,3.5
"Phố số 1956, Phường Phú Cường, Thủ Dầu Một, Bình Dương",67.2,4.6,3.7,Tây - Bắc,Đông - Nam,2,4,4,Have certificate,Full,4.97
"Phố số 1957, Phường Dịch Vọng, Cầu Giấy, Hà Nội",99.7,5.0,,Đông - Nam,Đông,5,7,8,Have certificate,None,21.93
"Phố số 1958, Phường Thảo Điền, Thủ Đức, Hồ Chí Minh",35.0,,,Đông - Nam,Nam,2,3,4,Have certificate,Full,5.78
"Phố số 1959, Phường Dịch Vọng, Cầu Giấy, Hà Nội",76.5,5.9,13.0,Tây - Nam,Nam,3,4,5,Other,Full,11.41
"Phố số 1960, Phường Mỹ Đình 1, Nam Từ Liêm, Hà Nội",119.9,,5.2,Tây,Tây - Nam,2,4,4,Have certificate,Full,16.01
"Phố số 1961, Phường Võ Thị Sáu, Quận 3, Hồ Chí Minh",44.1,2.5,5.2,Tây - Bắc,Đông,3,3,2,Have certificate,Full,11.92
"Phố số 1962, Phường Thảo Điền, Thủ Đức, Hồ Chí Minh",80.1,4.5,11.4,Đông - Bắc,Đông - Bắc,2,5,6,Have certificate,Basic,18.45
"Phố số 1963, Phường Mộ Lao, Hà Đông, Hà Nội",115.9,2.5,12.3,Đông - Nam,Nam,3,5,4,In waiting,Full,13.02
"Phố số 1964, Phường Thảo Điền, Thủ Đức, Hồ Chí Minh",196.9,5.4,7.1,Unknown,Đông - Nam,2,9,9,Have certificate,Basic,39.36
"Phố số 1965, Phường Hàng Bạc, Hoàn Kiếm, Hà Nội",78.1,3.0,10.6,Bắc,Đông,4,5,5,Have certificate,Full,32.77
"Phố số 1966, Phường Dịch Vọng, Cầu Giấy, Hà Nội",51.7,5.1,2.7,Đông - Nam,Tây - Bắc,1,2,1,Have certificate,Basic,8.86
"Phố số 1967, Phường Tân Phong, Quận 7, Hồ Chí Minh",35.0,7.2,13.7,Tây - Nam,Tây,1,1,2,Have certificate,Full,5.05
"Phố số 1968, Phường Thảo Điền, Thủ Đức, Hồ Chí Minh",51.9,3.1,17.2,Tây - Nam,Đông - Nam,2,3,3,Have certificate,Full,11.57
"Phố số 1969, Phường 11, Gò Vấp, Hồ Chí Minh",35.0,6.7,9.8,Đông,Nam,2,2,2,Have certificate,Full,4.72
"Phố số 1970, Phường Bến Nghé, Quận 1, Hồ Chí Minh",156.7,4.0,1.5,Unknown,Bắc,3,7,8,Have certificate,Basic,45.0
"Phố số 1971, Phường Bến Nghé, Quận 1, Hồ Chí Minh",112.6,8.0,5.0,Đông - Nam,Đông - Nam,3,7,7,Have certificate,Basic,37.99
"Phố số 1972, Phường Mộ Lao, Hà Đông, Hà Nội",40.9,4.1,10.3,Tây - Nam,Nam,4,4,4,In waiting,Full,5.23
"Phố số 1973, Phường 11, Gò Vấp, Hồ Chí Minh",50.2,3.3,5.6,Đông - Nam,Nam,3,3,3,Have certificate,Full,7.21
"Phố số 1974, Phường Hàng Bạc, Hoàn Kiếm, Hà Nội",77.5,6.0,13.2,Đông,Đông,2,4,4,Have certificate,Full,24.62
"Phố số 1975, Phường 11, Gò Vấp, Hồ Chí Minh",119.5,,10.1,Tây,Nam,5,6,5,Have certificate,Basic,18.22
"Phố số 1976, Phường Phú Cường, Thủ Dầu Một, Bình Dương",95.0,3.3,4.3,Nam,Đông - Nam,5,6,6,Have certificate,None,7.93
"Phố số 1977, Phường Tân Phong, Quận 7, Hồ Chí Minh",90.7,3.9,7.6,Nam,Tây - Nam,2,4,5,Have certificate,Unknown,12.49
"Phố số 1978, Phường Thảo Điền, Thủ Đức, Hồ Chí Minh",82.7,4.7,3.5,Tây - Bắc,Đông - Nam,6,6,5,Have certificate,Basic,20.28
"Phố số 1979, Phường Thạch Thang, Hải Châu, Đà Nẵng",42.1,,6.7,Đông - Bắc,Tây - Nam,2,1,1,Have certificate,Full,5.19
"Phố số 1980, Phường Mộ Lao, Hà Đông, Hà Nội",78.0,,5.0,Tây - Nam,Đông,4,5,4,Have certificate,Basic,9.61
"Phố số 1981, Phường Tân Phong, Quận 7, Hồ Chí Minh",73.5,4.8,12.8,Nam,Đông,2,4,4,Have certificate,Full,13.38
"Phố số 1982, Phường Mỹ Đình 1, Nam Từ Liêm, Hà Nội",35.0,5.9,17.0,Đông,Đông - Nam,6,4,4,Have certificate,Basic,7.56
"Phố số 1983, Phường 25, Bình Thạnh, Hồ Chí Minh",154.8,5.1,1.5,Tây,Tây - Nam,1,7,8,Have certificate,Full,21.3
"Phố số 1984, Phường 25, Bình Thạnh, Hồ Chí Minh",55.4,7.2,1.5,Tây,Nam,2,3,3,Have certificate,Full,8.11
"Phố số 1985, Phường Võ Thị Sáu, Quận 3, Hồ Chí Minh",35.0,4.7,6.4,Nam,Nam,1,1,1,Have certificate,Full,7.45
"Phố số 1986, Phường Bến Nghé, Quận 1, Hồ Chí Minh",60.1,4.5,1.5,Tây - Nam,Tây - Nam,2,4,4,Have certificate,Full,17.13
"Phố số 1987, Phường Khương Mai, Thanh Xuân, Hà Nội",65.9,5.9,7.7,Đông - Nam,Tây - Nam,4,5,5,Have certificate,Basic,12.05
"Phố số 1988, Phường 25, Bình Thạnh, Hồ Chí Minh",72.5,5.0,10.9,Đông - Nam,Đông - Nam,5,6,6,Have certificate,Basic,14.9
"Phố số 1989, Phường 25, Bình Thạnh, Hồ Chí Minh",65.4,4.1,,Đông,Đông - Nam,3,4,4,Have certificate,None,10.36
"Phố số 1990, Phường Khương Mai, Thanh Xuân, Hà Nội",74.5,,8.4,Nam,Đông - Nam,5,5,5,Have certificate,Unknown,14.03
"Phố số 1991, Phường Bồ Đề, Long Biên, Hà Nội",80.6,3.6,6.6,Đông - Nam,Tây - Nam,7,8,7,Have certificate,Full,15.61
"Phố số 1992, Phường Võ Thị Sáu, Quận 3, Hồ Chí Minh",78.7,3.7,1.5,Đông - Bắc,Đông,1,3,2,Have certificate,Basic,16.33
"Phố số 1993, Phường Dịch Vọng, Cầu Giấy, Hà Nội",90.4,,,Đông,Đông - Bắc,2,5,5,Other,Basic,13.46
"Phố số 1994, Phường Võ Thị Sáu, Quận 3, Hồ Chí Minh",92.9,,,Tây,Đông - Bắc,6,7,7,Have certificate,None,25.38
"Phố số 1995, Phường Bồ Đề, Long Biên, Hà Nội",94.0,,10.4,Tây - Nam,Tây,4,6,6,Have certificate,Full,10.98
"Phố số 1996, Phường Dịch Vọng, Cầu Giấy, Hà Nội",105.1,5.5,4.3,Đông - Bắc,Nam,5,6,6,Have certificate,Full,29.72
"Phố số 1997, Phường Đông Hòa, Dĩ An, Bình Dương",52.3,4.9,5.5,Nam,Nam,2,2,3,Have certificate,Full,4.31
"Phố số 1998, Phường Bến Nghé, Quận 1, Hồ Chí Minh",53.3,2.5,1.5,Nam,Tây,1,4,3,Have certificate,Unknown,12.24
"Phố số 1999, Phường Bến Nghé, Quận 1, Hồ Chí Minh",119.8,5.4,,Tây - Nam,Đông - Nam,6,8,8,Have certificate,None,41.23
"Phố số 2000, Phường 11, Gò Vấp, Hồ Chí Minh",61.0,5.7,2.5,Đông - Nam,Đông,5,5,5,Have certificate,Full,8.07
